"datum","benzin","diesel"
2005-01-01,25.34,25.28
2005-01-02,25.29,25.22
2005-01-03,25.16,25.13
2005-01-04,25.05,25.05
2005-01-05,24.94,24.94
2005-01-06,24.83,24.87
2005-01-07,24.73,24.79
2005-01-08,24.74,24.73
2005-01-09,24.78,24.78
2005-01-10,24.65,24.71
2005-01-11,24.63,24.65
2005-01-12,24.63,24.6
2005-01-13,24.64,24.57
2005-01-14,24.58,24.54
2005-01-15,24.61,24.5
2005-01-16,24.59,24.58
2005-01-17,24.55,24.49
2005-01-18,24.51,24.48
2005-01-19,24.5,24.44
2005-01-20,24.5,24.45
2005-01-21,24.47,24.43
2005-01-22,24.49,24.42
2005-01-23,24.49,24.45
2005-01-24,24.42,24.39
2005-01-25,24.42,24.37
2005-01-26,24.43,24.37
2005-01-27,24.44,24.37
2005-01-28,24.42,24.31
2005-01-29,24.5,24.34
2005-01-30,24.51,24.43
2005-01-31,24.44,24.34
2005-02-01,24.52,24.37
2005-02-02,24.57,24.38
2005-02-03,24.57,24.41
2005-02-04,24.59,24.4
2005-02-05,24.65,24.43
2005-02-06,24.66,24.46
2005-02-07,24.58,24.38
2005-02-08,24.58,24.38
2005-02-09,24.58,24.35
2005-02-10,24.57,24.36
2005-02-11,24.54,24.33
2005-02-12,24.6,24.33
2005-02-13,24.61,24.38
2005-02-14,24.55,24.34
2005-02-15,24.55,24.32
2005-02-16,24.55,24.3
2005-02-17,24.62,24.33
2005-02-18,24.73,24.39
2005-02-19,24.8,24.41
2005-02-20,24.81,24.43
2005-02-21,24.77,24.39
2005-02-22,24.84,24.42
2005-02-23,24.92,24.47
2005-02-24,24.89,24.46
2005-02-25,24.83,24.41
2005-02-26,24.86,24.47
2005-02-27,24.9,24.48
2005-02-28,24.82,24.44
2005-03-01,24.84,24.52
2005-03-02,24.9,24.73
2005-03-03,24.94,24.82
2005-03-04,25,24.95
2005-03-05,25.08,24.98
2005-03-06,25.08,25.04
2005-03-07,25.02,24.97
2005-03-08,25.01,25.01
2005-03-09,25.04,25.03
2005-03-10,25.12,25.1
2005-03-11,25.11,25.11
2005-03-12,25.15,25.1
2005-03-13,25.12,25.12
2005-03-14,25.08,25.08
2005-03-15,25.11,25.1
2005-03-16,25.14,25.15
2005-03-17,25.15,25.19
2005-03-18,25.17,25.19
2005-03-19,25.22,25.21
2005-03-20,25.21,25.25
2005-03-21,25.2,25.25
2005-03-22,25.34,25.33
2005-03-23,25.4,25.43
2005-03-24,25.42,25.46
2005-03-25,25.46,25.5
2005-03-26,25.51,25.53
2005-03-27,25.48,25.61
2005-03-28,25.56,25.61
2005-03-29,25.54,25.54
2005-03-30,25.99,25.73
2005-03-31,26.22,25.84
2005-04-01,26.41,25.93
2005-04-02,26.45,25.93
2005-04-03,26.45,26.01
2005-04-04,26.46,25.95
2005-04-05,26.67,26.15
2005-04-06,27.05,26.45
2005-04-07,27.24,26.67
2005-04-08,27.32,26.76
2005-04-09,27.38,26.78
2005-04-10,27.4,26.87
2005-04-11,27.38,26.82
2005-04-12,27.4,26.84
2005-04-13,27.43,26.89
2005-04-14,27.5,26.95
2005-04-15,27.61,27.07
2005-04-16,27.63,27.1
2005-04-17,27.66,27.13
2005-04-18,27.65,27.09
2005-04-19,27.66,27.1
2005-04-20,27.64,27.1
2005-04-21,27.64,27.05
2005-04-22,27.63,27.09
2005-04-23,27.65,27.06
2005-04-24,27.66,27.1
2005-04-25,27.62,27.07
2005-04-26,27.71,27.07
2005-04-27,27.79,27.07
2005-04-28,27.83,27.07
2005-04-29,27.84,27.07
2005-04-30,27.8,27.07
2005-05-01,27.87,27.12
2005-05-02,27.83,27.06
2005-05-03,27.87,27.08
2005-05-04,27.88,27.07
2005-05-05,27.87,27.08
2005-05-06,27.86,27.08
2005-05-07,27.87,27.08
2005-05-08,27.89,27.12
2005-05-09,27.87,27.08
2005-05-10,27.87,27.06
2005-05-11,27.87,27.07
2005-05-12,27.85,27.08
2005-05-13,27.83,27.07
2005-05-14,27.83,27.05
2005-05-15,27.84,27.13
2005-05-16,27.81,27.01
2005-05-17,27.81,27.04
2005-05-18,27.8,27.05
2005-05-19,27.81,27.02
2005-05-20,27.79,27.02
2005-05-21,27.79,27.01
2005-05-22,27.82,27.07
2005-05-23,27.78,27.01
2005-05-24,27.76,27
2005-05-25,27.77,26.98
2005-05-26,27.76,26.99
2005-05-27,27.76,27
2005-05-28,27.78,27.02
2005-05-29,27.8,27.03
2005-05-30,27.76,26.99
2005-05-31,27.75,27
2005-06-01,27.8,27.08
2005-06-02,27.85,27.19
2005-06-03,27.88,27.23
2005-06-04,27.91,27.26
2005-06-05,27.93,27.32
2005-06-06,27.95,27.35
2005-06-07,28.12,27.6
2005-06-08,28.28,27.86
2005-06-09,28.35,27.96
2005-06-10,28.38,28.04
2005-06-11,28.4,28.1
2005-06-12,28.42,28.14
2005-06-13,28.39,28.08
2005-06-14,28.4,28.07
2005-06-15,28.41,28.11
2005-06-16,28.44,28.13
2005-06-17,28.45,28.2
2005-06-18,28.46,28.21
2005-06-19,28.49,28.27
2005-06-20,28.46,28.19
2005-06-21,28.53,28.23
2005-06-22,28.67,28.33
2005-06-23,28.72,28.41
2005-06-24,28.75,28.42
2005-06-25,28.75,28.45
2005-06-26,28.77,28.53
2005-06-27,28.76,28.42
2005-06-28,28.78,28.44
2005-06-29,28.8,28.45
2005-06-30,28.81,28.48
2005-07-01,28.83,28.48
2005-07-02,28.87,28.57
2005-07-03,28.85,28.58
2005-07-04,28.81,28.47
2005-07-05,28.88,28.55
2005-07-06,28.84,28.58
2005-07-07,28.83,28.46
2005-07-08,28.82,28.5
2005-07-09,28.88,28.58
2005-07-10,28.88,28.6
2005-07-11,29,28.65
2005-07-12,29.25,28.84
2005-07-13,29.53,29.08
2005-07-14,29.65,29.23
2005-07-15,29.72,29.3
2005-07-16,29.75,29.37
2005-07-17,29.76,29.4
2005-07-18,29.74,29.32
2005-07-19,29.75,29.34
2005-07-20,29.76,29.34
2005-07-21,29.75,29.34
2005-07-22,29.74,29.31
2005-07-23,29.76,29.37
2005-07-24,29.78,29.4
2005-07-25,29.74,29.34
2005-07-26,29.74,29.32
2005-07-27,29.75,29.3
2005-07-28,29.75,29.34
2005-07-29,29.74,29.34
2005-07-30,29.75,29.36
2005-07-31,29.73,29.41
2005-08-01,29.74,29.29
2005-08-02,29.73,29.29
2005-08-03,29.75,29.29
2005-08-04,29.76,29.29
2005-08-05,29.75,29.29
2005-08-06,29.78,29.28
2005-08-07,29.8,29.39
2005-08-08,29.76,29.24
2005-08-09,29.74,29.26
2005-08-10,29.75,29.25
2005-08-11,29.76,29.23
2005-08-12,29.74,29.24
2005-08-13,29.78,29.27
2005-08-14,29.8,29.31
2005-08-15,29.73,29.23
2005-08-16,29.75,29.23
2005-08-17,29.75,29.25
2005-08-18,29.76,29.27
2005-08-19,29.76,29.26
2005-08-20,29.81,29.3
2005-08-21,29.81,29.33
2005-08-22,29.77,29.27
2005-08-23,29.78,29.23
2005-08-24,29.79,29.28
2005-08-25,29.78,29.27
2005-08-26,29.79,29.29
2005-08-27,29.82,29.31
2005-08-28,29.85,29.33
2005-08-29,29.79,29.27
2005-08-30,29.88,29.33
2005-08-31,30.15,29.52
2005-09-01,30.3,29.62
2005-09-02,30.4,29.74
2005-09-03,30.82,29.97
2005-09-04,31.47,30.35
2005-09-05,32.38,30.63
2005-09-06,33.44,30.82
2005-09-07,33.61,30.8
2005-09-08,33.69,30.8
2005-09-09,33.74,30.81
2005-09-10,33.76,30.78
2005-09-11,33.76,30.87
2005-09-12,33.74,30.78
2005-09-13,33.7,30.76
2005-09-14,33.61,30.74
2005-09-15,33.51,30.7
2005-09-16,33.4,30.64
2005-09-17,33.3,30.61
2005-09-18,33.32,30.66
2005-09-19,33.31,30.62
2005-09-20,33.16,30.52
2005-09-21,33.02,30.42
2005-09-22,32.93,30.41
2005-09-23,32.88,30.29
2005-09-24,32.86,30.35
2005-09-25,32.83,30.41
2005-09-26,32.83,30.33
2005-09-27,32.81,30.33
2005-09-28,32.79,30.34
2005-09-29,32.79,30.31
2005-09-30,32.74,30.29
2005-10-01,32.74,30.28
2005-10-02,32.73,30.37
2005-10-03,32.73,30.26
2005-10-04,32.74,30.27
2005-10-05,32.75,30.27
2005-10-06,32.74,30.26
2005-10-07,32.73,30.27
2005-10-08,32.71,30.3
2005-10-09,32.74,30.34
2005-10-10,32.71,30.3
2005-10-11,32.69,30.26
2005-10-12,32.65,30.26
2005-10-13,32.64,30.24
2005-10-14,32.59,30.24
2005-10-15,32.54,30.25
2005-10-16,32.57,30.31
2005-10-17,32.54,30.24
2005-10-18,32.52,30.21
2005-10-19,32.39,30.16
2005-10-20,32.29,30.16
2005-10-21,32.22,30.11
2005-10-22,32.12,30.08
2005-10-23,32.17,30.14
2005-10-24,32.12,30.1
2005-10-25,32.01,30.07
2005-10-26,31.93,30.05
2005-10-27,31.83,30.03
2005-10-28,31.78,30.05
2005-10-29,31.69,29.96
2005-10-30,31.75,30.08
2005-10-31,31.7,30
2005-11-01,31.59,29.95
2005-11-02,31.52,29.93
2005-11-03,31.46,29.91
2005-11-04,31.35,29.89
2005-11-05,31.26,29.86
2005-11-06,31.29,29.91
2005-11-07,31.26,29.85
2005-11-08,31.13,29.81
2005-11-09,31.04,29.73
2005-11-10,30.92,29.7
2005-11-11,30.74,29.65
2005-11-12,30.65,29.58
2005-11-13,30.64,29.62
2005-11-14,30.57,29.56
2005-11-15,30.4,29.51
2005-11-16,30.25,29.44
2005-11-17,30.18,29.39
2005-11-18,30.06,29.35
2005-11-19,29.96,29.29
2005-11-20,30,29.36
2005-11-21,29.92,29.3
2005-11-22,29.74,29.2
2005-11-23,29.63,29.13
2005-11-24,29.59,29.09
2005-11-25,29.5,29.05
2005-11-26,29.47,29.01
2005-11-27,29.47,29.04
2005-11-28,29.45,29.01
2005-11-29,29.37,28.94
2005-11-30,29.33,28.88
2005-12-01,29.28,28.81
2005-12-02,29.17,28.75
2005-12-03,29.11,28.66
2005-12-04,29.11,28.71
2005-12-05,29.04,28.63
2005-12-06,28.97,28.54
2005-12-07,28.89,28.5
2005-12-08,28.83,28.45
2005-12-09,28.77,28.4
2005-12-10,28.72,28.35
2005-12-11,28.71,28.39
2005-12-12,28.69,28.35
2005-12-13,28.61,28.26
2005-12-14,28.58,28.23
2005-12-15,28.55,28.21
2005-12-16,28.51,28.18
2005-12-17,28.51,28.13
2005-12-18,28.5,28.13
2005-12-19,28.45,28.14
2005-12-20,28.42,28.1
2005-12-21,28.39,28.06
2005-12-22,28.37,28.06
2005-12-23,28.31,28.02
2005-12-24,28.29,28.06
2005-12-25,28.37,28.14
2005-12-26,28.35,28.06
2005-12-27,28.28,27.99
2005-12-28,28.21,27.92
2005-12-29,28.17,27.88
2005-12-30,28.12,27.88
2005-12-31,28.16,27.9
2006-01-01,28.24,27.94
2006-01-02,28.15,27.83
2006-01-03,28.09,27.81
2006-01-04,28.09,27.79
2006-01-05,28.08,27.8
2006-01-06,28.07,27.77
2006-01-07,28.08,27.75
2006-01-08,28.12,27.86
2006-01-09,28.07,27.77
2006-01-10,28.11,27.78
2006-01-11,28.22,27.84
2006-01-12,28.3,27.9
2006-01-13,28.33,27.91
2006-01-14,28.35,27.93
2006-01-15,28.36,27.94
2006-01-16,28.32,27.89
2006-01-17,28.33,27.89
2006-01-18,28.33,27.85
2006-01-19,28.34,27.86
2006-01-20,28.33,27.88
2006-01-21,28.37,27.87
2006-01-22,28.41,27.91
2006-01-23,28.35,27.93
2006-01-24,28.42,27.98
2006-01-25,28.51,28.06
2006-01-26,28.57,28.12
2006-01-27,28.59,28.16
2006-01-28,28.62,28.17
2006-01-29,28.64,28.17
2006-01-30,28.59,28.15
2006-01-31,28.59,28.14
2006-02-01,28.6,28.12
2006-02-02,28.6,28.14
2006-02-03,28.57,28.12
2006-02-04,28.61,28.11
2006-02-05,28.61,28.17
2006-02-06,28.56,28.11
2006-02-07,28.54,28.08
2006-02-08,28.54,28.07
2006-02-09,28.53,28.07
2006-02-10,28.51,28.06
2006-02-11,28.57,28.05
2006-02-12,28.55,28.08
2006-02-13,28.49,28.03
2006-02-14,28.45,28
2006-02-15,28.43,27.99
2006-02-16,28.42,27.96
2006-02-17,28.35,27.93
2006-02-18,28.35,27.93
2006-02-19,28.38,27.93
2006-02-20,28.3,27.89
2006-02-21,28.27,27.83
2006-02-22,28.24,27.8
2006-02-23,28.2,27.79
2006-02-24,28.16,27.78
2006-02-25,28.19,27.76
2006-02-26,28.17,27.74
2006-02-27,28.13,27.74
2006-02-28,28.1,27.72
2006-03-01,28.09,27.69
2006-03-02,28.09,27.69
2006-03-03,28.05,27.67
2006-03-04,28.09,27.66
2006-03-05,28.09,27.7
2006-03-06,28.02,27.65
2006-03-07,28.02,27.62
2006-03-08,28.03,27.67
2006-03-09,28.05,27.71
2006-03-10,28.05,27.74
2006-03-11,28.14,27.79
2006-03-12,28.13,27.79
2006-03-13,28.08,27.78
2006-03-14,28.08,27.78
2006-03-15,28.08,27.8
2006-03-16,28.09,27.81
2006-03-17,28.09,27.82
2006-03-18,28.12,27.83
2006-03-19,28.16,27.85
2006-03-20,28.27,27.96
2006-03-21,28.59,28.22
2006-03-22,28.8,28.43
2006-03-23,28.9,28.56
2006-03-24,28.9,28.58
2006-03-25,28.9,28.51
2006-03-26,28.9,28.62
2006-03-27,28.88,28.57
2006-03-28,28.9,28.56
2006-03-29,28.9,28.57
2006-03-30,28.9,28.57
2006-03-31,28.87,28.59
2006-04-01,28.9,28.53
2006-04-02,28.92,28.59
2006-04-03,28.97,28.59
2006-04-04,29.27,28.75
2006-04-05,29.37,28.79
2006-04-06,29.57,28.91
2006-04-07,29.58,28.93
2006-04-08,29.59,28.91
2006-04-09,29.63,28.96
2006-04-10,29.61,28.93
2006-04-11,29.68,28.93
2006-04-12,29.76,28.98
2006-04-13,29.95,29.09
2006-04-14,30.05,29.22
2006-04-15,30.06,29.23
2006-04-16,30.05,29.3
2006-04-17,30.09,29.29
2006-04-18,30.2,29.31
2006-04-19,30.52,29.58
2006-04-20,30.71,29.72
2006-04-21,30.83,29.89
2006-04-22,30.86,29.92
2006-04-23,30.9,29.97
2006-04-24,30.91,29.97
2006-04-25,30.94,30.01
2006-04-26,31,30.05
2006-04-27,31.06,30.1
2006-04-28,31.1,30.16
2006-04-29,31.1,30.18
2006-04-30,31.06,30.22
2006-05-01,31.15,30.17
2006-05-02,31.11,30.17
2006-05-03,31.13,30.16
2006-05-04,31.14,30.16
2006-05-05,31.12,30.17
2006-05-06,31.12,30.15
2006-05-07,31.12,30.21
2006-05-08,31.14,30.2
2006-05-09,31.11,30.14
2006-05-10,31.11,30.14
2006-05-11,31.11,30.13
2006-05-12,31.08,30.1
2006-05-13,31.08,30.04
2006-05-14,31.09,30.09
2006-05-15,31.08,30.06
2006-05-16,31.08,30.03
2006-05-17,31.07,30.03
2006-05-18,31.07,30.05
2006-05-19,31.05,30.04
2006-05-20,31.07,30.02
2006-05-21,31.09,30.06
2006-05-22,31.03,30.01
2006-05-23,31.04,30.01
2006-05-24,31.02,30.01
2006-05-25,31.01,29.98
2006-05-26,30.98,29.96
2006-05-27,30.96,29.96
2006-05-28,30.96,29.98
2006-05-29,30.94,29.92
2006-05-30,30.93,29.92
2006-05-31,30.91,29.9
2006-06-01,30.93,29.89
2006-06-02,30.91,29.89
2006-06-03,30.88,29.88
2006-06-04,30.92,29.9
2006-06-05,30.89,29.84
2006-06-06,30.9,29.87
2006-06-07,30.96,29.86
2006-06-08,31.16,29.84
2006-06-09,31.16,29.89
2006-06-10,31.17,29.84
2006-06-11,31.19,29.91
2006-06-12,31.2,29.87
2006-06-13,31.22,29.86
2006-06-14,31.24,29.86
2006-06-15,31.26,29.87
2006-06-16,31.23,29.87
2006-06-17,31.21,29.87
2006-06-18,31.26,29.9
2006-06-19,31.19,29.84
2006-06-20,31.21,29.83
2006-06-21,31.2,29.85
2006-06-22,31.19,29.83
2006-06-23,31.17,29.83
2006-06-24,31.17,29.82
2006-06-25,31.18,29.86
2006-06-26,31.15,29.79
2006-06-27,31.13,29.81
2006-06-28,31.13,29.78
2006-06-29,31.1,29.8
2006-06-30,31.1,29.81
2006-07-01,31.16,29.83
2006-07-02,31.16,29.84
2006-07-03,31.24,29.8
2006-07-04,31.38,29.87
2006-07-05,31.56,29.93
2006-07-06,31.7,29.95
2006-07-07,31.69,30
2006-07-08,31.81,30.05
2006-07-09,31.88,30.12
2006-07-10,31.77,30.05
2006-07-11,31.79,30.04
2006-07-12,31.81,30.06
2006-07-13,31.79,30.04
2006-07-14,31.75,30.04
2006-07-15,31.76,30.05
2006-07-16,31.8,30.05
2006-07-17,31.77,30.01
2006-07-18,31.79,30.01
2006-07-19,31.81,30.03
2006-07-20,31.95,30.07
2006-07-21,32.06,30.11
2006-07-22,32.05,30.15
2006-07-23,32.06,30.14
2006-07-24,31.99,30.08
2006-07-25,31.98,30.04
2006-07-26,31.98,30.04
2006-07-27,31.98,30.04
2006-07-28,31.96,30.04
2006-07-29,32.02,30.02
2006-07-30,32,30.06
2006-07-31,31.96,30.02
2006-08-01,31.98,30
2006-08-02,31.97,29.99
2006-08-03,31.97,30
2006-08-04,31.94,30.01
2006-08-05,31.96,29.97
2006-08-06,32,30.02
2006-08-07,31.94,29.98
2006-08-08,31.95,29.98
2006-08-09,31.94,29.97
2006-08-10,31.95,30.04
2006-08-11,31.93,30.09
2006-08-12,31.95,30.1
2006-08-13,31.98,30.1
2006-08-14,31.93,30.09
2006-08-15,31.92,30.09
2006-08-16,31.91,30.08
2006-08-17,31.91,30.08
2006-08-18,31.89,30.08
2006-08-19,31.92,30.09
2006-08-20,31.92,30.08
2006-08-21,31.87,30.04
2006-08-22,31.87,30.04
2006-08-23,31.83,30.02
2006-08-24,31.81,30.02
2006-08-25,31.76,30.02
2006-08-26,31.75,30
2006-08-27,31.75,29.97
2006-08-28,31.7,29.97
2006-08-29,31.66,29.96
2006-08-30,31.59,29.92
2006-08-31,31.53,29.92
2006-09-01,31.47,29.92
2006-09-02,31.48,29.89
2006-09-03,31.44,29.94
2006-09-04,31.4,29.86
2006-09-05,31.36,29.85
2006-09-06,31.28,29.83
2006-09-07,31.2,29.8
2006-09-08,31.1,29.79
2006-09-09,31.08,29.77
2006-09-10,31.08,29.82
2006-09-11,31.01,29.74
2006-09-12,30.93,29.7
2006-09-13,30.88,29.63
2006-09-14,30.78,29.58
2006-09-15,30.68,29.59
2006-09-16,30.61,29.52
2006-09-17,30.67,29.55
2006-09-18,30.67,29.49
2006-09-19,30.48,29.44
2006-09-20,30.39,29.38
2006-09-21,30.28,29.31
2006-09-22,30.16,29.27
2006-09-23,30.11,29.25
2006-09-24,30.11,29.21
2006-09-25,30.04,29.2
2006-09-26,29.93,29.14
2006-09-27,29.84,29.08
2006-09-28,29.86,29.06
2006-09-29,29.72,29.01
2006-09-30,29.68,28.99
2006-10-01,29.72,29
2006-10-02,29.65,28.96
2006-10-03,29.54,28.88
2006-10-04,29.43,28.81
2006-10-05,29.39,28.75
2006-10-06,29.28,28.74
2006-10-07,29.21,28.71
2006-10-08,29.2,28.74
2006-10-09,29.2,28.68
2006-10-10,29.08,28.64
2006-10-11,29.03,28.62
2006-10-12,28.98,28.61
2006-10-13,28.91,28.55
2006-10-14,28.89,28.54
2006-10-15,28.91,28.58
2006-10-16,28.86,28.52
2006-10-17,28.81,28.53
2006-10-18,28.8,28.51
2006-10-19,28.77,28.5
2006-10-20,28.72,28.46
2006-10-21,28.65,28.41
2006-10-22,28.71,28.46
2006-10-23,28.65,28.43
2006-10-24,28.61,28.4
2006-10-25,28.6,28.41
2006-10-26,28.58,28.4
2006-10-27,28.53,28.37
2006-10-28,28.55,28.34
2006-10-29,28.52,28.38
2006-10-30,28.48,28.36
2006-10-31,28.47,28.35
2006-11-01,28.48,28.34
2006-11-02,28.47,28.35
2006-11-03,28.41,28.32
2006-11-04,28.39,28.28
2006-11-05,28.4,28.31
2006-11-06,28.38,28.29
2006-11-07,28.37,28.3
2006-11-08,28.34,28.27
2006-11-09,28.31,28.25
2006-11-10,28.27,28.23
2006-11-11,28.22,28.21
2006-11-12,28.25,28.24
2006-11-13,28.22,28.18
2006-11-14,28.19,28.19
2006-11-15,28.21,28.18
2006-11-16,28.17,28.16
2006-11-17,28.17,28.15
2006-11-18,28.08,28.13
2006-11-19,28.19,28.18
2006-11-20,28.12,28.12
2006-11-21,28.12,28.12
2006-11-22,28.1,28.11
2006-11-23,28.1,28.1
2006-11-24,28.06,28.08
2006-11-25,28.06,28.06
2006-11-26,28.07,28.06
2006-11-27,28.03,28.05
2006-11-28,28,28.03
2006-11-29,27.98,28.02
2006-11-30,27.95,28.02
2006-12-01,27.97,28.01
2006-12-02,27.97,27.99
2006-12-03,27.97,28
2006-12-04,27.94,28
2006-12-05,27.91,27.98
2006-12-06,27.94,27.98
2006-12-07,27.92,27.97
2006-12-08,27.89,27.97
2006-12-09,27.91,27.97
2006-12-10,27.9,27.96
2006-12-11,27.85,27.95
2006-12-12,27.85,27.93
2006-12-13,27.84,27.93
2006-12-14,27.84,27.92
2006-12-15,27.82,27.92
2006-12-16,27.8,27.91
2006-12-17,27.83,27.88
2006-12-18,27.79,27.88
2006-12-19,27.79,27.87
2006-12-20,27.78,27.86
2006-12-21,27.77,27.87
2006-12-22,27.73,27.85
2006-12-23,27.71,27.83
2006-12-24,27.69,27.82
2006-12-25,27.66,27.8
2006-12-26,27.64,27.79
2006-12-27,27.59,27.75
2006-12-28,27.54,27.71
2006-12-29,27.51,27.69
2006-12-30,27.49,27.68
2006-12-31,27.48,27.67
2007-01-01,27.47,27.67
2007-01-02,27.46,27.67
2007-01-03,27.37,27.58
2007-01-04,27.34,27.55
2007-01-05,27.33,27.5
2007-01-06,27.27,27.46
2007-01-07,27.29,27.46
2007-01-08,27.27,27.43
2007-01-09,27.2,27.36
2007-01-10,27.15,27.3
2007-01-11,27.11,27.24
2007-01-12,27.06,27.18
2007-01-13,27.03,27.15
2007-01-14,27.02,27.13
2007-01-15,27.02,27.12
2007-01-16,26.95,27.07
2007-01-17,26.91,27.01
2007-01-18,26.85,26.94
2007-01-19,26.82,26.89
2007-01-20,26.77,26.84
2007-01-21,26.78,26.84
2007-01-22,26.75,26.81
2007-01-23,26.72,26.77
2007-01-24,26.68,26.72
2007-01-25,26.61,26.66
2007-01-26,26.59,26.63
2007-01-27,26.55,26.58
2007-01-28,26.57,26.6
2007-01-29,26.55,26.59
2007-01-30,26.49,26.52
2007-01-31,26.45,26.48
2007-02-01,26.41,26.44
2007-02-02,26.39,26.41
2007-02-03,26.37,26.39
2007-02-04,26.38,26.39
2007-02-05,26.34,26.36
2007-02-06,26.32,26.33
2007-02-07,26.27,26.29
2007-02-08,26.28,26.29
2007-02-09,26.25,26.27
2007-02-10,26.24,26.25
2007-02-11,26.25,26.26
2007-02-12,26.24,26.25
2007-02-13,26.28,26.29
2007-02-14,26.3,26.31
2007-02-15,26.3,26.29
2007-02-16,26.29,26.29
2007-02-17,26.28,26.29
2007-02-18,26.31,26.31
2007-02-19,26.3,26.3
2007-02-20,26.28,26.28
2007-02-21,26.28,26.28
2007-02-22,26.28,26.28
2007-02-23,26.27,26.27
2007-02-24,26.27,26.26
2007-02-25,26.28,26.27
2007-02-26,26.29,26.27
2007-02-27,26.32,26.29
2007-02-28,26.38,26.32
2007-03-01,26.42,26.34
2007-03-02,26.44,26.36
2007-03-03,26.46,26.38
2007-03-04,26.51,26.4
2007-03-05,26.49,26.39
2007-03-06,26.62,26.47
2007-03-07,26.89,26.64
2007-03-08,27.03,26.71
2007-03-09,27.11,26.76
2007-03-10,27.15,26.78
2007-03-11,27.22,26.82
2007-03-12,27.22,26.83
2007-03-13,27.25,26.83
2007-03-14,27.3,26.87
2007-03-15,27.37,26.88
2007-03-16,27.48,26.93
2007-03-17,27.52,26.93
2007-03-18,27.56,26.95
2007-03-19,27.59,26.96
2007-03-20,27.59,26.96
2007-03-21,27.6,26.97
2007-03-22,27.6,26.96
2007-03-23,27.6,26.95
2007-03-24,27.6,26.95
2007-03-25,27.63,26.97
2007-03-26,27.62,26.97
2007-03-27,27.63,26.95
2007-03-28,27.66,26.95
2007-03-29,27.69,26.95
2007-03-30,27.69,26.94
2007-03-31,27.71,26.94
2007-04-01,27.74,26.95
2007-04-02,27.76,26.97
2007-04-03,27.88,27.07
2007-04-04,28.14,27.25
2007-04-05,28.29,27.32
2007-04-06,28.35,27.34
2007-04-07,28.4,27.36
2007-04-08,28.44,27.38
2007-04-09,28.47,27.4
2007-04-10,28.47,27.41
2007-04-11,28.49,27.4
2007-04-12,28.56,27.43
2007-04-13,28.57,27.43
2007-04-14,28.59,27.44
2007-04-15,28.62,27.45
2007-04-16,28.63,27.46
2007-04-17,28.74,27.47
2007-04-18,28.79,27.48
2007-04-19,28.84,27.5
2007-04-20,28.85,27.5
2007-04-21,28.87,27.51
2007-04-22,28.9,27.53
2007-04-23,28.89,27.53
2007-04-24,28.9,27.53
2007-04-25,28.9,27.53
2007-04-26,28.91,27.53
2007-04-27,28.92,27.53
2007-04-28,28.92,27.54
2007-04-29,28.96,27.56
2007-04-30,29.02,27.61
2007-05-01,29.12,27.61
2007-05-02,29.37,27.7
2007-05-03,29.5,27.75
2007-05-04,29.6,27.78
2007-05-05,29.64,27.79
2007-05-06,29.7,27.83
2007-05-07,29.72,27.85
2007-05-08,29.71,27.82
2007-05-09,29.77,27.85
2007-05-10,29.79,27.84
2007-05-11,29.81,27.83
2007-05-12,29.83,27.83
2007-05-13,29.86,27.86
2007-05-14,29.87,27.87
2007-05-15,29.86,27.85
2007-05-16,29.86,27.84
2007-05-17,29.87,27.85
2007-05-18,29.88,27.83
2007-05-19,29.87,27.83
2007-05-20,29.91,27.86
2007-05-21,29.9,27.87
2007-05-22,30.07,27.89
2007-05-23,30.17,27.93
2007-05-24,30.23,27.95
2007-05-25,30.27,27.95
2007-05-26,30.28,27.97
2007-05-27,30.32,28
2007-05-28,30.32,28.05
2007-05-29,30.33,28.08
2007-05-30,30.36,28.12
2007-05-31,30.38,28.13
2007-06-01,30.38,28.11
2007-06-02,30.4,28.1
2007-06-03,30.42,28.14
2007-06-04,30.42,28.12
2007-06-05,30.4,28.1
2007-06-06,30.4,28.11
2007-06-07,30.39,28.1
2007-06-08,30.38,28.08
2007-06-09,30.38,28.09
2007-06-10,30.39,28.11
2007-06-11,30.39,28.11
2007-06-12,30.37,28.09
2007-06-13,30.36,28.08
2007-06-14,30.35,28.09
2007-06-15,30.34,28.09
2007-06-16,30.33,28.08
2007-06-17,30.36,28.11
2007-06-18,30.34,28.11
2007-06-19,30.34,28.11
2007-06-20,30.35,28.16
2007-06-21,30.36,28.19
2007-06-22,30.34,28.2
2007-06-23,30.35,28.2
2007-06-24,30.36,28.23
2007-06-25,30.38,28.22
2007-06-26,30.43,28.22
2007-06-27,30.46,28.24
2007-06-28,30.48,28.26
2007-06-29,30.49,28.27
2007-06-30,30.48,28.26
2007-07-01,30.52,28.3
2007-07-02,30.52,28.29
2007-07-03,30.51,28.29
2007-07-04,30.51,28.3
2007-07-05,30.52,28.3
2007-07-06,30.54,28.32
2007-07-07,30.53,28.31
2007-07-08,30.54,28.32
2007-07-09,30.53,28.31
2007-07-10,30.52,28.31
2007-07-11,30.54,28.32
2007-07-12,30.55,28.34
2007-07-13,30.56,28.34
2007-07-14,30.55,28.35
2007-07-15,30.59,28.37
2007-07-16,30.61,28.41
2007-07-17,30.63,28.43
2007-07-18,30.67,28.47
2007-07-19,30.66,28.47
2007-07-20,30.65,28.46
2007-07-21,30.64,28.46
2007-07-22,30.67,28.48
2007-07-23,30.66,28.47
2007-07-24,30.65,28.46
2007-07-25,30.64,28.46
2007-07-26,30.63,28.45
2007-07-27,30.6,28.44
2007-07-28,30.6,28.43
2007-07-29,30.63,28.46
2007-07-30,30.61,28.46
2007-07-31,30.58,28.44
2007-08-01,30.57,28.43
2007-08-02,30.54,28.43
2007-08-03,30.53,28.42
2007-08-04,30.53,28.41
2007-08-05,30.55,28.43
2007-08-06,30.54,28.43
2007-08-07,30.5,28.4
2007-08-08,30.49,28.4
2007-08-09,30.47,28.4
2007-08-10,30.45,28.39
2007-08-11,30.45,28.39
2007-08-12,30.48,28.41
2007-08-13,30.47,28.39
2007-08-14,30.45,28.38
2007-08-15,30.42,28.36
2007-08-16,30.41,28.36
2007-08-17,30.39,28.34
2007-08-18,30.38,28.34
2007-08-19,30.41,28.36
2007-08-20,30.39,28.34
2007-08-21,30.36,28.32
2007-08-22,30.33,28.32
2007-08-23,30.32,28.31
2007-08-24,30.29,28.29
2007-08-25,30.28,28.29
2007-08-26,30.3,28.31
2007-08-27,30.29,28.29
2007-08-28,30.25,28.28
2007-08-29,30.22,28.27
2007-08-30,30.19,28.25
2007-08-31,30.17,28.24
2007-09-01,30.15,28.24
2007-09-02,30.19,28.26
2007-09-03,30.15,28.26
2007-09-04,30.14,28.27
2007-09-05,30.14,28.37
2007-09-06,30.14,28.46
2007-09-07,30.13,28.51
2007-09-08,30.13,28.53
2007-09-09,30.15,28.56
2007-09-10,30.15,28.56
2007-09-11,30.13,28.56
2007-09-12,30.12,28.56
2007-09-13,30.12,28.58
2007-09-14,30.11,28.6
2007-09-15,30.1,28.59
2007-09-16,30.12,28.62
2007-09-17,30.11,28.61
2007-09-18,30.09,28.62
2007-09-19,30.07,28.65
2007-09-20,30.06,28.67
2007-09-21,30.05,28.68
2007-09-22,30.05,28.69
2007-09-23,30.06,28.71
2007-09-24,30.05,28.73
2007-09-25,30.04,28.79
2007-09-26,30.05,28.85
2007-09-27,30.04,28.9
2007-09-28,30.03,28.92
2007-09-29,30.06,28.95
2007-09-30,30.05,28.95
2007-10-01,30.04,28.94
2007-10-02,30.03,28.94
2007-10-03,30.02,28.94
2007-10-04,30.01,28.94
2007-10-05,30,28.94
2007-10-06,30,28.95
2007-10-07,30.01,28.97
2007-10-08,30.01,28.96
2007-10-09,29.99,28.95
2007-10-10,29.98,28.95
2007-10-11,29.96,28.95
2007-10-12,29.95,28.94
2007-10-13,29.94,28.93
2007-10-14,29.96,28.94
2007-10-15,29.96,28.94
2007-10-16,29.94,28.93
2007-10-17,29.93,28.93
2007-10-18,29.93,28.94
2007-10-19,29.92,28.94
2007-10-20,29.92,28.94
2007-10-21,29.94,28.95
2007-10-22,29.94,29.07
2007-10-23,29.94,29.28
2007-10-24,29.95,29.44
2007-10-25,29.97,29.53
2007-10-26,29.97,29.58
2007-10-27,29.96,29.58
2007-10-28,29.98,29.61
2007-10-29,29.98,29.63
2007-10-30,29.96,29.62
2007-10-31,29.97,29.63
2007-11-01,29.97,29.66
2007-11-02,29.97,29.69
2007-11-03,29.97,29.74
2007-11-04,29.99,29.76
2007-11-05,30,29.8
2007-11-06,30.1,29.97
2007-11-07,30.29,30.3
2007-11-08,30.53,30.57
2007-11-09,30.66,30.77
2007-11-10,30.71,30.86
2007-11-11,30.75,30.87
2007-11-12,30.78,31
2007-11-13,30.84,31.3
2007-11-14,30.91,31.54
2007-11-15,30.95,31.66
2007-11-16,30.98,31.74
2007-11-17,30.98,31.76
2007-11-18,31,31.78
2007-11-19,30.99,31.79
2007-11-20,30.98,31.79
2007-11-21,30.98,31.78
2007-11-22,30.96,31.82
2007-11-23,30.96,31.82
2007-11-24,30.97,31.82
2007-11-25,30.97,31.82
2007-11-26,30.96,31.83
2007-11-27,30.96,31.91
2007-11-28,30.97,31.99
2007-11-29,30.95,32.06
2007-11-30,30.92,32.01
2007-12-01,30.92,32.05
2007-12-02,30.91,32.03
2007-12-03,30.91,32.05
2007-12-04,30.96,32.08
2007-12-05,30.92,32.06
2007-12-06,30.92,32.03
2007-12-07,30.9,31.99
2007-12-08,30.87,31.98
2007-12-09,30.89,31.98
2007-12-10,30.86,31.96
2007-12-11,30.85,31.93
2007-12-12,30.82,31.88
2007-12-13,30.79,31.83
2007-12-14,30.76,31.78
2007-12-15,30.75,31.76
2007-12-16,30.74,31.75
2007-12-17,30.72,31.73
2007-12-18,30.72,31.73
2007-12-19,30.68,31.64
2007-12-20,30.65,31.58
2007-12-21,30.65,31.63
2007-12-22,30.62,31.54
2007-12-23,30.64,31.55
2007-12-24,30.64,31.56
2007-12-25,30.7,31.6
2007-12-26,30.67,31.56
2007-12-27,30.67,31.56
2007-12-28,30.63,31.54
2007-12-29,30.64,31.53
2007-12-30,30.62,31.52
2007-12-31,30.61,31.55
2008-01-01,30.62,31.55
2008-01-02,30.62,31.55
2008-01-03,30.64,31.5
2008-01-04,30.66,31.51
2008-01-05,30.71,31.53
2008-01-06,30.85,31.53
2008-01-07,30.79,31.52
2008-01-08,30.93,31.52
2008-01-09,30.99,31.49
2008-01-10,31.04,31.49
2008-01-11,31.04,31.48
2008-01-12,31.03,31.48
2008-01-13,31.03,31.48
2008-01-14,31,31.46
2008-01-15,30.98,31.45
2008-01-16,30.93,31.42
2008-01-17,30.92,31.43
2008-01-18,30.89,31.36
2008-01-19,30.91,31.37
2008-01-20,30.9,31.38
2008-01-21,30.88,31.34
2008-01-22,30.85,31.32
2008-01-23,30.77,31.3
2008-01-24,30.74,31.23
2008-01-25,30.68,31.16
2008-01-26,30.66,31.14
2008-01-27,30.64,31.13
2008-01-28,30.6,31.11
2008-01-29,30.55,31.03
2008-01-30,30.51,30.98
2008-01-31,30.47,30.93
2008-02-01,30.47,30.91
2008-02-02,30.48,30.9
2008-02-03,30.42,30.9
2008-02-04,30.43,30.87
2008-02-05,30.43,30.83
2008-02-06,30.37,30.76
2008-02-07,30.34,30.7
2008-02-08,30.29,30.61
2008-02-09,30.32,30.64
2008-02-10,30.25,30.62
2008-02-11,30.31,30.61
2008-02-12,30.28,30.58
2008-02-13,30.26,30.54
2008-02-14,30.24,30.52
2008-02-15,30.15,30.43
2008-02-16,30.21,30.47
2008-02-17,30.23,30.47
2008-02-18,30.19,30.45
2008-02-19,30.19,30.44
2008-02-20,30.3,30.54
2008-02-21,30.45,30.69
2008-02-22,30.58,30.81
2008-02-23,30.66,30.88
2008-02-24,30.69,30.89
2008-02-25,30.5,30.7
2008-02-26,30.55,30.75
2008-02-27,30.6,30.79
2008-02-28,30.61,30.74
2008-02-29,30.59,30.78
2008-03-01,30.61,30.84
2008-03-02,30.63,30.81
2008-03-03,30.57,30.75
2008-03-04,30.66,30.85
2008-03-05,30.55,30.74
2008-03-06,30.56,30.73
2008-03-07,30.53,30.68
2008-03-08,30.58,30.76
2008-03-09,30.58,30.76
2008-03-10,30.49,30.66
2008-03-11,30.48,30.8
2008-03-12,30.45,30.76
2008-03-13,30.47,30.84
2008-03-14,30.45,30.9
2008-03-15,30.52,31
2008-03-16,30.5,30.96
2008-03-17,30.45,30.87
2008-03-18,30.45,30.94
2008-03-19,30.5,31.03
2008-03-20,30.49,31.06
2008-03-21,30.42,30.99
2008-03-22,30.53,31.1
2008-03-23,30.52,31.12
2008-03-24,30.53,31.08
2008-03-25,30.45,30.99
2008-03-26,30.44,30.98
2008-03-27,30.42,30.99
2008-03-28,30.41,30.97
2008-03-29,30.47,30.99
2008-03-30,30.49,31.05
2008-03-31,30.37,30.93
2008-04-01,30.4,30.94
2008-04-02,30.45,30.98
2008-04-03,30.5,31.02
2008-04-04,30.36,30.91
2008-04-05,30.51,31.01
2008-04-06,30.52,31.05
2008-04-07,30.36,30.9
2008-04-08,30.33,30.89
2008-04-09,30.37,30.89
2008-04-10,30.36,30.91
2008-04-11,30.38,30.95
2008-04-12,30.46,31.02
2008-04-13,30.46,31.05
2008-04-14,30.42,30.98
2008-04-15,30.38,31.04
2008-04-16,30.39,31.14
2008-04-17,30.42,31.24
2008-04-18,30.4,31.31
2008-04-19,30.52,31.48
2008-04-20,30.52,31.44
2008-04-21,30.45,31.37
2008-04-22,30.44,31.39
2008-04-23,30.52,31.56
2008-04-24,30.46,31.44
2008-04-25,30.45,31.45
2008-04-26,30.57,31.58
2008-04-27,30.57,31.56
2008-04-28,30.49,31.49
2008-04-29,30.78,31.83
2008-04-30,30.97,32.07
2008-05-01,31.13,32.26
2008-05-02,31.09,32.22
2008-05-03,31.18,32.3
2008-05-04,31.18,32.3
2008-05-05,31.13,32.28
2008-05-06,31.17,32.3
2008-05-07,31.19,32.35
2008-05-08,31.24,32.44
2008-05-09,31.22,32.41
2008-05-10,31.25,32.47
2008-05-11,31.27,32.45
2008-05-12,31.24,32.44
2008-05-13,31.43,32.72
2008-05-14,31.7,33.08
2008-05-15,31.83,33.24
2008-05-16,31.88,33.31
2008-05-17,31.93,33.38
2008-05-18,31.93,33.39
2008-05-19,31.93,33.38
2008-05-20,32.04,33.67
2008-05-21,32.14,34.03
2008-05-22,32.2,34.22
2008-05-23,32.23,34.28
2008-05-24,32.28,34.35
2008-05-25,32.28,34.35
2008-05-26,32.27,34.36
2008-05-27,32.42,34.62
2008-05-28,32.55,34.87
2008-05-29,32.6,34.99
2008-05-30,32.61,35.02
2008-05-31,32.63,35.05
2008-06-01,32.65,35.08
2008-06-02,32.63,35.05
2008-06-03,32.66,35.07
2008-06-04,32.67,35.11
2008-06-05,32.67,35.08
2008-06-06,32.66,35.06
2008-06-07,32.66,35.1
2008-06-08,32.7,35.1
2008-06-09,32.66,35.08
2008-06-10,32.65,35.07
2008-06-11,32.64,35.06
2008-06-12,32.64,35.05
2008-06-13,32.64,35.04
2008-06-14,32.68,35.03
2008-06-15,32.67,35.05
2008-06-16,32.64,35.03
2008-06-17,32.64,35.01
2008-06-18,32.66,35.02
2008-06-19,32.64,35.02
2008-06-20,32.64,35.02
2008-06-21,32.67,35.07
2008-06-22,32.68,35.03
2008-06-23,32.65,35.02
2008-06-24,32.64,35.01
2008-06-25,32.63,34.99
2008-06-26,32.62,34.97
2008-06-27,32.61,34.95
2008-06-28,32.62,34.98
2008-06-29,32.6,34.97
2008-06-30,32.6,34.97
2008-07-01,32.6,34.94
2008-07-02,32.6,34.93
2008-07-03,32.6,34.91
2008-07-04,32.59,34.9
2008-07-05,32.6,34.9
2008-07-06,32.6,34.9
2008-07-07,32.57,34.88
2008-07-08,32.57,34.87
2008-07-09,32.55,34.86
2008-07-10,32.56,34.85
2008-07-11,32.54,34.84
2008-07-12,32.57,34.84
2008-07-13,32.54,34.85
2008-07-14,32.54,34.83
2008-07-15,32.52,34.81
2008-07-16,32.5,34.79
2008-07-17,32.49,34.77
2008-07-18,32.46,34.74
2008-07-19,32.46,34.72
2008-07-20,32.47,34.73
2008-07-21,32.43,34.7
2008-07-22,32.39,34.66
2008-07-23,32.35,34.61
2008-07-24,32.29,34.54
2008-07-25,32.25,34.49
2008-07-26,32.22,34.45
2008-07-27,32.21,34.44
2008-07-28,32.2,34.41
2008-07-29,32.15,34.33
2008-07-30,32.06,34.23
2008-07-31,31.98,34.11
2008-08-01,31.9,34.03
2008-08-02,31.86,33.97
2008-08-03,31.86,33.97
2008-08-04,31.83,33.93
2008-08-05,31.77,33.86
2008-08-06,31.71,33.78
2008-08-07,31.66,33.71
2008-08-08,31.59,33.62
2008-08-09,31.56,33.56
2008-08-10,31.57,33.57
2008-08-11,31.52,33.53
2008-08-12,31.46,33.43
2008-08-13,31.39,33.31
2008-08-14,31.33,33.2
2008-08-15,31.28,33.13
2008-08-16,31.25,33.1
2008-08-17,31.28,33.09
2008-08-18,31.25,33.07
2008-08-19,31.21,33
2008-08-20,31.17,32.94
2008-08-21,31.15,32.88
2008-08-22,31.12,32.82
2008-08-23,31.11,32.79
2008-08-24,31.1,32.77
2008-08-25,31.1,32.77
2008-08-26,31.08,32.73
2008-08-27,31.07,32.71
2008-08-28,31.05,32.69
2008-08-29,31.03,32.66
2008-08-30,31.05,32.67
2008-08-31,31.03,32.67
2008-09-01,31.03,32.66
2008-09-02,31.12,32.72
2008-09-03,31.2,32.79
2008-09-04,31.21,32.81
2008-09-05,31.19,32.78
2008-09-06,31.17,32.73
2008-09-07,31.16,32.73
2008-09-08,31.15,32.71
2008-09-09,31.12,32.67
2008-09-10,31.1,32.64
2008-09-11,31.09,32.58
2008-09-12,31.07,32.55
2008-09-13,31.07,32.56
2008-09-14,31.06,32.54
2008-09-15,31.09,32.53
2008-09-16,31.2,32.52
2008-09-17,31.27,32.49
2008-09-18,31.17,32.46
2008-09-19,31.11,32.41
2008-09-20,31.09,32.38
2008-09-21,31.09,32.36
2008-09-22,31.07,32.35
2008-09-23,30.99,32.24
2008-09-24,30.9,32.14
2008-09-25,30.8,32.01
2008-09-26,30.72,31.9
2008-09-27,30.7,31.85
2008-09-28,30.7,31.86
2008-09-29,30.66,31.81
2008-09-30,30.59,31.72
2008-10-01,30.55,31.65
2008-10-02,30.52,31.58
2008-10-03,30.49,31.51
2008-10-04,30.47,31.47
2008-10-05,30.46,31.46
2008-10-06,30.45,31.45
2008-10-07,30.42,31.42
2008-10-08,30.38,31.37
2008-10-09,30.33,31.31
2008-10-10,30.28,31.24
2008-10-11,30.24,31.2
2008-10-12,30.22,31.18
2008-10-13,30.21,31.18
2008-10-14,30.13,31.1
2008-10-15,30.01,30.97
2008-10-16,29.87,30.83
2008-10-17,29.64,30.61
2008-10-18,29.5,30.48
2008-10-19,29.48,30.44
2008-10-20,29.39,30.33
2008-10-21,29.24,30.2
2008-10-22,28.96,29.93
2008-10-23,28.67,29.69
2008-10-24,28.46,29.48
2008-10-25,28.34,29.37
2008-10-26,28.33,29.35
2008-10-27,28.31,29.34
2008-10-28,28.25,29.27
2008-10-29,28.2,29.23
2008-10-30,28.1,29.16
2008-10-31,28.02,29.09
2008-11-01,27.93,29.04
2008-11-02,27.85,28.96
2008-11-03,27.87,29
2008-11-04,27.6,28.84
2008-11-05,27.28,28.65
2008-11-06,27.1,28.52
2008-11-07,26.96,28.41
2008-11-08,26.89,28.34
2008-11-09,26.85,28.34
2008-11-10,26.82,28.3
2008-11-11,26.69,28.22
2008-11-12,26.54,28.13
2008-11-13,26.42,28.07
2008-11-14,26.29,28.01
2008-11-15,26.19,27.96
2008-11-16,26.18,27.94
2008-11-17,26.17,27.93
2008-11-18,26.12,27.92
2008-11-19,26,27.84
2008-11-20,25.88,27.77
2008-11-21,25.74,27.69
2008-11-22,25.62,27.63
2008-11-23,25.62,27.61
2008-11-24,25.57,27.58
2008-11-25,25.4,27.48
2008-11-26,25.16,27.36
2008-11-27,24.91,27.24
2008-11-28,24.76,27.15
2008-11-29,24.68,27.09
2008-11-30,24.67,27.07
2008-12-01,24.57,26.99
2008-12-02,24.52,26.92
2008-12-03,24.45,26.91
2008-12-04,24.39,26.83
2008-12-05,24.32,26.77
2008-12-06,24.27,26.72
2008-12-07,24.27,26.69
2008-12-08,24.24,26.67
2008-12-09,24.16,26.55
2008-12-10,24.03,26.46
2008-12-11,23.93,26.27
2008-12-12,23.79,26.09
2008-12-13,23.76,26.04
2008-12-14,23.74,26.02
2008-12-15,23.72,25.95
2008-12-16,23.58,25.75
2008-12-17,23.46,25.58
2008-12-18,23.34,25.39
2008-12-19,23.26,25.26
2008-12-20,23.17,25.09
2008-12-21,23.17,25.08
2008-12-22,23.13,25.04
2008-12-23,23.04,24.91
2008-12-24,22.97,24.81
2008-12-25,22.98,24.81
2008-12-26,22.95,24.76
2008-12-27,22.92,24.73
2008-12-28,22.91,24.71
2008-12-29,22.89,24.7
2008-12-30,22.8,24.58
2008-12-31,22.7,24.43
2009-01-01,22.67,24.4
2009-01-02,22.57,24.31
2009-01-03,22.52,24.28
2009-01-04,22.48,24.22
2009-01-05,22.45,24.2
2009-01-06,22.37,24.12
2009-01-07,22.31,24.06
2009-01-08,22.28,24.02
2009-01-09,22.27,24
2009-01-10,22.27,24
2009-01-11,22.27,23.99
2009-01-12,22.23,23.95
2009-01-13,22.84,24.55
2009-01-14,23.31,24.99
2009-01-15,23.57,25.23
2009-01-16,23.66,25.24
2009-01-17,23.59,25.18
2009-01-18,23.6,25.18
2009-01-19,23.58,25.15
2009-01-20,23.54,25.08
2009-01-21,23.68,25.08
2009-01-22,23.61,25
2009-01-23,23.61,24.98
2009-01-24,23.6,24.93
2009-01-25,23.6,24.93
2009-01-26,23.58,24.91
2009-01-27,23.73,24.9
2009-01-28,23.84,24.89
2009-01-29,23.98,24.9
2009-01-30,23.9,24.87
2009-01-31,23.92,24.88
2009-02-01,23.92,24.85
2009-02-02,23.96,24.88
2009-02-03,23.94,24.87
2009-02-04,23.95,24.87
2009-02-05,23.97,24.87
2009-02-06,23.98,24.89
2009-02-07,24.01,24.87
2009-02-08,24.02,24.86
2009-02-09,24,24.87
2009-02-10,24.2,24.87
2009-02-11,24.41,24.87
2009-02-12,24.52,24.88
2009-02-13,24.57,24.88
2009-02-14,24.64,24.89
2009-02-15,24.64,24.89
2009-02-16,24.62,24.83
2009-02-17,24.99,24.9
2009-02-18,25.17,24.99
2009-02-19,25.31,25
2009-02-20,25.35,25.01
2009-02-21,25.4,25.01
2009-02-22,25.41,25.03
2009-02-23,25.37,25.01
2009-02-24,25.34,25.01
2009-02-25,25.34,25
2009-02-26,25.31,25.11
2009-02-27,25.28,24.96
2009-02-28,25.28,24.96
2009-03-01,25.3,24.96
2009-03-02,25.29,24.95
2009-03-03,25.26,24.94
2009-03-04,25.24,24.92
2009-03-05,25.23,24.91
2009-03-06,25.22,24.86
2009-03-07,25.24,24.87
2009-03-08,25.23,24.87
2009-03-09,25.2,24.86
2009-03-10,25.28,24.85
2009-03-11,25.32,24.83
2009-03-12,25.35,24.81
2009-03-13,25.26,24.73
2009-03-14,25.32,24.79
2009-03-15,25.31,24.79
2009-03-16,25.28,24.77
2009-03-17,25.25,24.75
2009-03-18,25.22,24.72
2009-03-19,25.19,24.7
2009-03-20,25.14,24.68
2009-03-21,25.16,24.69
2009-03-22,25.14,24.68
2009-03-23,25.11,24.66
2009-03-24,25.1,24.64
2009-03-25,25.09,24.64
2009-03-26,25.14,24.65
2009-03-27,25.07,24.62
2009-03-28,25.1,24.63
2009-03-29,25.1,24.65
2009-03-30,25.11,24.66
2009-03-31,25.46,24.94
2009-04-01,25.65,25.11
2009-04-03,25.73,25.21
2009-04-04,25.75,25.25
2009-04-05,25.75,25.24
2009-04-06,25.72,25.21
2009-04-07,25.7,25.18
2009-04-08,25.7,25.15
2009-04-09,25.68,25.15
2009-04-10,25.69,25.15
2009-04-11,25.71,25.14
2009-04-12,25.71,25.19
2009-04-13,25.74,25.2
2009-04-14,25.7,25.14
2009-04-15,25.71,25.14
2009-04-16,25.71,25.15
2009-04-17,25.75,25.19
2009-04-18,25.73,25.14
2009-04-19,25.72,25.16
2009-04-20,25.71,25.12
2009-04-21,26.06,25.22
2009-04-22,25.95,25.27
2009-04-23,26.08,25.33
2009-04-24,26.09,25.33
2009-04-25,26.08,25.32
2009-04-26,26.09,25.34
2009-04-27,26.08,25.32
2009-04-28,26.08,25.33
2009-04-29,26.08,25.32
2009-04-30,26,25.26
2009-05-01,26.06,25.28
2009-05-02,26.11,25.34
2009-05-03,26.11,25.34
2009-05-04,26.06,25.27
2009-05-05,26.05,25.29
2009-05-06,26,25.22
2009-05-07,26.03,25.26
2009-05-08,26.08,25.29
2009-05-09,26.07,25.29
2009-05-10,26.08,25.27
2009-05-11,26.06,25.26
2009-05-12,26.43,25.49
2009-05-13,26.65,25.62
2009-05-14,26.8,25.69
2009-05-15,26.87,25.73
2009-05-16,26.95,25.77
2009-05-17,26.98,25.78
2009-05-18,26.93,25.74
2009-05-19,26.97,26.06
2009-05-20,27.09,25.73
2009-05-21,27.09,25.68
2009-05-22,27.12,25.69
2009-05-23,27.14,25.69
2009-05-24,27.15,25.69
2009-05-25,27.16,25.66
2009-05-26,27.34,25.66
2009-05-27,27.51,25.65
2009-05-28,27.6,25.69
2009-05-29,27.62,25.67
2009-05-30,27.56,25.63
2009-05-31,27.55,25.61
2009-06-01,27.55,25.6
2009-06-02,27.61,25.66
2009-06-03,27.56,25.62
2009-06-04,27.6,25.71
2009-06-05,27.63,25.74
2009-06-06,27.7,25.8
2009-06-07,27.7,25.75
2009-06-08,27.63,25.72
2009-06-09,27.96,26.02
2009-06-10,28.26,26.29
2009-06-11,28.35,26.41
2009-06-12,28.47,26.48
2009-06-13,28.51,26.52
2009-06-14,28.5,26.48
2009-06-15,28.47,26.43
2009-06-16,28.49,26.47
2009-06-17,28.69,26.69
2009-06-18,28.8,26.81
2009-06-19,28.84,26.85
2009-06-20,28.91,26.89
2009-06-21,28.92,26.92
2009-06-22,28.83,26.78
2009-06-23,28.96,26.85
2009-06-24,29.07,26.96
2009-06-25,29.13,26.99
2009-06-26,29.15,27
2009-06-27,29.11,26.97
2009-06-28,29.15,27.02
2009-06-29,29.09,26.95
2009-06-30,29.09,26.98
2009-07-01,29.06,26.95
2009-07-02,28.99,26.85
2009-07-03,28.94,26.82
2009-07-04,28.98,26.88
2009-07-05,29.03,26.9
2009-07-06,29,26.86
2009-07-07,28.9,26.82
2009-07-08,28.84,26.78
2009-07-09,28.79,26.74
2009-07-10,28.72,26.67
2009-07-12,28.7,26.63
2009-07-13,28.63,26.59
2009-07-14,28.57,26.53
2009-07-15,28.48,26.43
2009-07-16,28.46,26.42
2009-07-17,28.39,26.37
2009-07-18,28.37,26.37
2009-07-19,28.35,26.33
2009-07-20,28.32,26.3
2009-07-21,28.26,26.24
2009-07-22,28.23,26.2
2009-07-23,28.15,26.15
2009-07-24,28.09,26.1
2009-07-25,27.96,25.94
2009-07-26,27.96,25.97
2009-07-27,28.08,26.1
2009-07-28,28.18,26.21
2009-07-29,28.3,26.31
2009-07-30,28.31,26.33
2009-07-31,28.28,26.29
2009-08-01,28.27,26.31
2009-08-02,28.26,26.28
2009-08-03,28.18,26.24
2009-08-04,28.25,26.22
2009-08-05,28.29,26.22
2009-08-06,28.32,26.19
2009-08-07,28.28,26.19
2009-08-08,28.25,26.15
2009-08-09,28.33,26.2
2009-08-10,28.24,26.14
2009-08-11,29.05,26.53
2009-08-12,28.59,26.38
2009-08-13,28.86,26.59
2009-08-14,28.92,26.6
2009-08-15,29,26.69
2009-08-16,28.94,26.62
2009-08-17,28.96,26.64
2009-08-18,28.94,26.63
2009-08-19,28.95,26.62
2009-08-20,28.92,26.6
2009-08-21,28.85,26.52
2009-08-22,28.88,26.62
2009-08-23,28.91,26.62
2009-08-24,28.84,26.53
2009-08-25,28.8,26.5
2009-08-26,28.82,26.5
2009-08-27,28.77,26.49
2009-08-28,28.73,26.46
2009-08-29,28.75,26.5
2009-08-30,28.75,26.54
2009-08-31,28.71,26.44
2009-09-01,28.68,26.48
2009-09-02,28.61,26.45
2009-09-03,28.61,26.42
2009-09-04,28.63,26.39
2009-09-05,28.62,26.43
2009-09-06,28.62,26.46
2009-09-07,28.52,26.4
2009-09-08,28.4,26.29
2009-09-09,28.47,26.37
2009-09-10,28.44,26.34
2009-09-11,28.4,26.29
2009-09-12,28.38,26.31
2009-09-13,28.4,26.28
2009-09-14,28.35,26.27
2009-09-15,28.29,26.24
2009-09-16,28.22,26.15
2009-09-17,28.17,26.09
2009-09-18,28.12,26.06
2009-09-19,28.09,26.09
2009-09-20,28.12,26.09
2009-09-21,28.07,26.04
2009-09-22,27.98,25.95
2009-09-23,27.95,25.91
2009-09-24,27.85,25.86
2009-09-25,27.79,25.83
2009-09-26,27.74,25.78
2009-09-27,27.73,25.78
2009-09-28,27.76,25.76
2009-09-29,27.93,25.81
2009-09-30,27.64,25.69
2009-10-01,27.58,25.66
2009-10-02,27.49,25.62
2009-10-03,27.45,25.54
2009-10-04,27.53,25.59
2009-10-05,27.46,25.56
2009-10-06,27.44,25.58
2009-10-07,27.39,25.52
2009-10-08,27.34,25.5
2009-10-09,27.3,25.47
2009-10-10,27.34,25.46
2009-10-11,27.36,25.46
2009-10-12,27.28,25.44
2009-10-13,27.28,25.43
2009-10-14,27.23,25.51
2009-10-15,27.22,25.57
2009-10-16,27.22,25.6
2009-10-17,27.25,25.59
2009-10-18,27.26,25.62
2009-10-19,27.22,25.64
2009-10-20,27.36,25.76
2009-10-21,27.53,25.95
2009-10-22,27.66,26.06
2009-10-25,27.7,26.11
2009-10-26,27.63,26.07
2009-10-27,27.8,26.21
2009-10-28,28.1,26.48
2009-10-29,28.75,26.71
2009-10-31,28.12,26.48
2009-11-01,28.05,26.48
2009-11-02,29.5,27.7
2009-11-03,28.3,26.67
2009-11-04,28.35,26.7
2009-11-05,28.4,26.74
2009-11-06,28.42,26.73
2009-11-07,28.45,26.8
2009-11-08,28.49,26.82
2009-11-09,28.38,26.75
2009-11-10,28.45,26.75
2009-11-11,28.39,26.73
2009-11-12,28.41,26.73
2009-11-13,28.43,26.75
2009-11-14,28.39,26.7
2009-11-15,28.41,26.74
2009-11-16,28.39,26.7
2009-11-17,28.44,26.74
2009-11-18,28.37,26.69
2009-11-19,28.32,26.67
2009-11-20,28.29,26.66
2009-11-21,28.33,26.67
2009-11-22,28.35,26.75
2009-11-23,28.28,26.64
2009-11-24,28.29,26.65
2009-11-25,28.34,26.67
2009-11-26,28.36,26.69
2009-11-27,28.35,26.67
2009-11-28,28.3,26.68
2009-11-29,28.34,26.75
2009-11-30,28.33,26.68
2009-12-01,28.33,26.7
2009-12-02,28.28,26.66
2009-12-03,28.27,26.66
2009-12-04,28.24,26.62
2009-12-05,28.25,26.64
2009-12-06,28.29,26.64
2009-12-07,28.24,26.6
2009-12-08,28.21,26.61
2009-12-09,28.47,26.92
2009-12-10,28.2,26.59
2009-12-11,28.18,26.57
2009-12-12,28.23,26.59
2009-12-13,28.25,26.62
2009-12-14,28.16,26.59
2009-12-15,28.14,26.56
2009-12-16,28.14,26.56
2009-12-17,28.12,26.56
2009-12-18,28.1,26.54
2009-12-19,28.11,26.53
2009-12-20,28.09,26.52
2009-12-21,28.08,26.48
2009-12-22,29.12,27.01
2009-12-23,28.07,26.5
2009-12-24,28.08,26.41
2009-12-25,28.18,26.55
2009-12-26,28.16,26.49
2009-12-27,28.14,26.5
2009-12-28,28.05,26.49
2009-12-29,28.16,26.58
2009-12-30,28.32,26.72
2009-12-31,28.22,26.64
2010-01-01,28.55,26.93
2010-01-02,29.13,27.51
2010-01-03,28.82,27.22
2010-01-04,29.25,27.65
2010-01-05,29.65,28.07
2010-01-06,29.92,28.33
2010-01-07,30.01,28.43
2010-01-08,29.98,28.44
2010-01-09,30.59,28.68
2010-01-11,30.08,28.53
2010-01-12,30.09,28.6
2010-01-13,30.35,28.83
2010-01-14,30.45,28.95
2010-01-15,30.49,29
2010-01-16,31.12,29.41
2010-01-17,30.53,29.02
2010-01-18,30.48,28.98
2010-01-19,30.89,29.21
2010-01-20,30.53,29.02
2010-01-21,30.45,28.95
2010-01-22,30.44,28.92
2010-01-24,30.47,28.92
2010-01-25,30.42,28.91
2010-01-26,30.37,28.88
2010-01-27,30.37,28.87
2010-01-28,30.33,28.85
2010-01-29,30.3,28.84
2010-01-30,30.35,28.85
2010-01-31,30.31,28.84
2010-02-03,30.3,28.79
2010-02-04,30.28,28.76
2010-02-05,30.22,28.71
2010-02-08,30.25,28.7
2010-02-09,30.26,28.75
2010-02-10,30.22,28.69
2010-02-12,30.23,28.68
2010-02-13,30.21,28.72
2010-02-14,30.26,28.7
2010-02-15,30.18,28.69
2010-02-16,32.7,29.1
2010-02-18,30.15,28.63
2010-02-19,30.1,28.61
2010-02-20,30.18,28.63
2010-02-21,30.17,28.64
2010-02-22,30.14,28.59
2010-02-23,30.32,28.78
2010-02-24,30.33,28.81
2010-02-25,30.46,28.92
2010-02-26,30.44,28.9
2010-02-27,30.51,28.92
2010-02-28,30.45,28.96
2010-03-01,30.48,28.95
2010-03-03,30.68,29.1
2010-03-04,30.7,29.14
2010-03-05,30.71,29.13
2010-03-06,30.81,29.19
2010-03-07,30.81,29.22
2010-03-08,30.73,29.16
2010-03-09,30.95,29.25
2010-03-10,30.96,29.26
2010-03-11,31.06,29.29
2010-03-12,31.11,29.31
2010-03-13,31.11,29.33
2010-03-14,31.08,29.33
2010-03-15,31.13,29.32
2010-03-16,31.2,29.35
2010-03-17,31.27,29.4
2010-03-18,31.3,29.42
2010-03-19,31.29,29.41
2010-03-20,31.32,29.43
2010-03-21,31.32,29.48
2010-03-22,31.31,29.39
2010-03-23,31.29,29.4
2010-03-25,31.28,29.37
2010-03-26,31.26,29.37
2010-03-27,31.32,29.41
2010-03-28,31.3,29.41
2010-03-29,31.28,29.36
2010-03-30,31.33,29.44
2010-03-31,31.39,29.47
2010-04-01,31.57,29.56
2010-04-02,31.41,29.49
2010-04-03,31.45,29.55
2010-04-04,31.43,29.56
2010-04-05,31.56,29.61
2010-04-06,31.49,29.55
2010-04-07,31.57,30.59
2010-04-08,31.64,29.7
2010-04-09,31.62,29.7
2010-04-10,31.66,29.77
2010-04-11,31.62,29.79
2010-04-12,31.61,29.71
2010-04-13,31.68,29.85
2010-04-14,31.85,30.14
2010-04-15,31.87,30.27
2010-04-16,32,30.35
2010-04-17,31.91,30.32
2010-04-18,31.91,30.32
2010-04-19,31.99,30.37
2010-04-20,31.97,30.36
2010-04-21,31.96,30.34
2010-04-22,31.89,30.29
2010-04-23,31.94,30.33
2010-04-25,31.88,30.33
2010-04-26,31.86,30.26
2010-04-27,31.97,30.38
2010-04-28,32.01,30.42
2010-04-29,32.04,30.46
2010-04-30,32.02,30.45
2010-05-01,32.06,30.51
2010-05-02,32.05,30.51
2010-05-03,32.04,30.49
2010-05-04,32.17,30.65
2010-05-05,32.25,30.76
2010-05-06,32.29,30.84
2010-05-07,32.3,30.85
2010-05-08,32.4,30.96
2010-05-09,32.32,30.91
2010-05-10,32.29,30.86
2010-05-11,32.3,30.87
2010-05-12,32.28,30.88
2010-05-13,32.27,30.88
2010-05-14,32.25,30.88
2010-05-15,32.27,30.9
2010-05-16,32.32,31.02
2010-05-17,32.26,30.88
2010-05-18,32.26,30.88
2010-05-19,32.24,30.88
2010-05-20,32.21,30.87
2010-05-21,32.19,30.85
2010-05-22,32.21,30.86
2010-05-23,32.27,30.98
2010-05-24,32.18,30.83
2010-05-25,32.16,30.83
2010-05-26,32.12,30.79
2010-05-27,32.11,30.78
2010-05-28,32.07,30.75
2010-05-29,32.08,30.78
2010-05-30,32.07,30.78
2010-05-31,32.04,30.73
2010-06-01,32.13,30.8
2010-06-02,32.06,30.75
2010-06-03,32.06,30.75
2010-06-04,32.01,30.73
2010-06-05,32.03,30.76
2010-06-06,31.99,30.75
2010-06-07,32.05,30.77
2010-06-08,32.22,30.99
2010-06-09,32.31,31.12
2010-06-10,32.35,31.17
2010-06-11,32.33,31.15
2010-06-12,32.33,31.19
2010-06-13,32.35,31.2
2010-06-14,32.33,31.15
2010-06-15,32.33,31.16
2010-06-16,32.38,31.18
2010-06-18,32.34,31.16
2010-06-19,32.32,31.19
2010-06-20,32.31,31.21
2010-06-21,32.32,31.2
2010-06-22,32.44,31.33
2010-06-23,32.44,31.48
2010-06-24,32.46,31.38
2010-06-25,32.42,31.4
2010-06-26,32.46,31.4
2010-06-27,32.45,31.4
2010-06-28,32.44,31.37
2010-06-29,32.44,31.37
2010-07-01,32.48,31.42
2010-07-02,32.44,31.4
2010-07-03,32.45,31.38
2010-07-04,32.43,31.37
2010-07-05,32.5,31.43
2010-07-06,32.44,31.43
2010-07-07,32.43,31.37
2010-07-09,32.41,31.36
2010-07-10,32.42,31.4
2010-07-11,32.42,31.39
2010-07-12,32.38,31.33
2010-07-13,32.38,31.32
2010-07-14,32.58,31.52
2010-07-15,32.32,31.26
2010-07-16,32.25,31.21
2010-07-17,32.22,31.19
2010-07-18,32.23,31.17
2010-07-19,32.24,31.2
2010-07-20,32.24,31.17
2010-07-21,32.2,31.16
2010-07-22,32.19,31.14
2010-07-23,32.17,31.12
2010-07-24,32.21,31.15
2010-07-25,32.18,31.09
2010-07-26,32.15,31.1
2010-07-27,32.13,31.09
2010-07-28,32.04,31.01
2010-07-29,32.06,31.02
2010-07-30,31.95,30.91
2010-07-31,31.95,30.91
2010-08-01,32.02,30.98
2010-08-02,31.95,30.91
2010-08-03,31.95,30.9
2010-08-04,31.88,30.84
2010-08-05,31.84,30.8
2010-08-06,31.79,30.76
2010-08-07,31.79,30.75
2010-08-08,31.79,30.76
2010-08-09,31.8,30.78
2010-08-10,31.77,30.72
2010-08-11,31.74,30.72
2010-08-12,31.72,30.69
2010-08-13,31.68,30.67
2010-08-14,31.67,30.67
2010-08-15,31.64,30.65
2010-08-16,31.67,30.67
2010-08-17,31.63,30.63
2010-08-18,31.61,30.61
2010-08-19,31.59,30.59
2010-08-20,31.55,30.55
2010-08-21,31.55,30.57
2010-08-22,31.6,30.57
2010-08-23,31.52,30.51
2010-08-24,31.48,30.51
2010-08-25,31.44,30.48
2010-08-26,31.4,30.47
2010-08-27,31.34,30.42
2010-08-28,31.34,30.42
2010-08-29,31.34,30.42
2010-08-30,31.32,30.4
2010-08-31,31.27,30.37
2010-09-01,31.24,30.35
2010-09-02,31.23,30.33
2010-09-03,31.2,30.31
2010-09-04,31.18,30.3
2010-09-05,31.17,30.32
2010-09-06,31.19,30.29
2010-09-07,31.2,30.28
2010-09-08,31.2,30.27
2010-09-09,31.24,30.26
2010-09-10,31.23,30.26
2010-09-15,31.37,30.39
2010-09-16,31.42,30.44
2010-09-17,31.32,30.38
2010-09-18,31.34,30.4
2010-09-19,31.34,30.42
2010-09-20,31.32,30.38
2010-09-21,31.32,30.37
2010-09-22,31.31,30.36
2010-09-23,31.34,30.39
2010-09-24,31.26,30.34
2010-09-25,31.29,30.37
2010-09-26,31.28,30.34
2010-09-27,31.27,30.33
2010-09-28,31.29,30.37
2010-09-29,31.25,30.34
2010-09-30,31.21,30.3
2010-10-01,31.21,30.32
2010-10-02,31.14,30.3
2010-10-03,31.16,30.32
2010-10-04,31.22,30.36
2010-10-05,31.14,30.27
2010-10-06,31.13,30.28
2010-10-07,31.07,30.24
2010-10-08,31.09,30.24
2010-10-09,31.02,30.23
2010-10-10,31.02,30.23
2010-10-11,31.09,30.26
2010-10-12,31.16,30.31
2010-10-13,31.26,30.38
2010-10-14,31.29,30.41
2010-10-15,31.24,30.38
2010-10-16,31.28,30.46
2010-10-17,31.22,30.4
2010-10-18,31.27,30.42
2010-10-19,31.33,30.39
2010-10-20,31.36,30.36
2010-10-21,31.32,30.33
2010-10-22,31.32,30.34
2010-10-23,31.39,30.4
2010-10-24,31.29,30.35
2010-10-25,31.25,30.3
2010-10-26,31.27,30.34
2010-10-27,31.25,30.33
2010-10-28,31.24,30.33
2010-10-29,31.21,30.31
2010-10-30,31.21,30.32
2010-10-31,31.17,30.3
2010-11-01,31.18,30.29
2010-11-02,31.19,30.28
2010-11-03,31.25,30.33
2010-11-04,31.19,30.28
2010-11-05,31.13,30.25
2010-11-06,31.2,30.31
2010-11-07,31.14,30.28
2010-11-08,31.17,30.27
2010-11-09,31.11,30.24
2010-11-10,31.12,30.27
2010-11-11,31.11,30.26
2010-11-12,31.1,30.25
2010-11-13,31.13,30.28
2010-11-14,31.09,30.39
2010-11-15,31.14,30.31
2010-11-16,31.34,30.54
2010-11-17,31.52,30.75
2010-11-18,31.42,30.63
2010-11-19,31.41,30.64
2010-11-20,31.45,30.69
2010-11-21,31.46,30.71
2010-11-22,31.42,30.62
2010-11-23,31.47,30.68
2010-11-24,31.37,30.6
2010-11-25,31.36,30.59
2010-11-26,31.34,30.59
2010-11-27,31.37,30.62
2010-11-28,31.38,30.62
2010-11-29,31.37,30.59
2010-11-30,31.41,30.64
2010-12-01,31.52,30.71
2010-12-02,31.55,30.75
2010-12-03,31.57,30.78
2010-12-04,31.65,30.85
2010-12-05,31.59,30.86
2010-12-06,31.67,30.87
2010-12-07,32.18,31.26
2010-12-08,32.56,31.63
2010-12-09,32.6,31.71
2010-12-10,32.63,31.78
2010-12-11,32.72,31.8
2010-12-12,32.69,31.83
2010-12-13,32.68,31.83
2010-12-14,32.84,32.03
2010-12-15,32.95,32.09
2010-12-17,32.98,32.18
2010-12-18,33.02,32.18
2010-12-19,33,32.18
2010-12-20,33,32.17
2010-12-21,32.97,32.16
2010-12-22,32.97,32.16
2010-12-23,33.03,32.11
2010-12-24,33,32.13
2010-12-25,33.05,32.2
2010-12-26,32.99,32.17
2010-12-27,32.99,32.19
2010-12-28,33.12,32.31
2010-12-29,33.26,32.44
2010-12-30,33.35,32.5
2010-12-31,33.25,32.51
2011-01-01,33.39,32.62
2011-01-02,33.34,32.53
2011-01-03,33.28,32.49
2011-01-04,33.33,32.49
2011-01-05,33.26,32.46
2011-01-06,33.22,32.44
2011-01-07,33.19,32.41
2011-01-08,33.2,32.38
2011-01-09,33.19,32.43
2011-01-10,33.16,32.39
2011-01-11,33.15,32.37
2011-01-12,33.13,32.36
2011-01-13,33.13,32.36
2011-01-14,33.12,32.35
2011-01-15,33.14,32.37
2011-01-16,33.16,32.39
2011-01-17,33.11,32.35
2011-01-18,33.18,32.48
2011-01-19,33.23,32.59
2011-01-20,33.25,32.63
2011-01-21,33.25,32.62
2011-01-22,33.27,32.67
2011-01-23,33.33,32.7
2011-01-24,33.26,32.6
2011-01-25,33.45,32.75
2011-01-26,33.23,32.58
2011-01-27,33.17,32.55
2011-01-28,33.13,32.5
2011-01-29,33.14,32.52
2011-01-30,33.14,32.52
2011-01-31,33.09,32.47
2011-02-01,33.13,32.49
2011-02-02,33.14,32.44
2011-02-03,33.23,32.5
2011-02-04,33.03,32.39
2011-02-05,33.03,32.42
2011-02-06,33.03,32.42
2011-02-07,33.03,32.4
2011-02-08,33.07,32.42
2011-02-09,33.08,32.48
2011-02-10,33.1,32.48
2011-02-11,33.05,32.46
2011-02-12,33.06,32.5
2011-02-13,33.07,32.49
2011-02-14,33.02,32.45
2011-02-15,33.02,32.51
2011-02-16,33.04,32.54
2011-02-17,33.01,32.54
2011-02-18,33.03,32.56
2011-02-19,33.04,32.56
2011-02-20,33.01,32.55
2011-02-21,32.98,32.53
2011-02-22,33.14,32.63
2011-02-23,33.36,32.79
2011-02-24,33.32,32.79
2011-02-25,33.34,32.82
2011-02-26,33.35,32.84
2011-02-27,33.35,32.86
2011-02-28,33.36,32.85
2011-03-01,33.59,33.03
2011-03-02,33.89,33.3
2011-03-03,33.89,33.3
2011-03-04,33.88,33.32
2011-03-05,33.92,33.35
2011-03-06,33.99,33.35
2011-03-07,33.9,33.35
2011-03-08,34.01,33.52
2011-03-09,34.12,33.65
2011-03-10,34.17,33.73
2011-03-11,34.16,33.75
2011-03-12,34.19,33.78
2011-03-13,34.2,33.78
2011-03-14,34.16,33.76
2011-03-15,34.14,33.76
2011-03-16,34.17,33.78
2011-03-17,34.12,33.77
2011-03-18,34.12,33.78
2011-03-19,34.14,33.77
2011-03-20,34.14,33.79
2011-03-21,34.11,33.77
2011-03-22,34.1,33.78
2011-03-24,34.06,33.78
2011-03-25,34.03,33.78
2011-03-26,34.04,33.8
2011-03-27,34.06,33.8
2011-03-28,34.03,33.78
2011-03-29,34.04,33.8
2011-03-30,34.05,33.8
2011-03-31,34.04,33.81
2011-04-01,34.08,33.81
2011-04-02,34.07,33.81
2011-04-03,34.05,33.81
2011-04-04,34.08,33.83
2011-04-05,34.37,33.97
2011-04-06,34.54,34.07
2011-04-07,34.66,34.15
2011-04-08,34.74,34.2
2011-04-09,34.69,34.19
2011-04-10,34.71,34.2
2011-04-11,34.71,34.2
2011-04-12,34.86,34.33
2011-04-13,35.01,34.49
2011-04-14,35.04,34.52
2011-04-15,35.06,34.54
2011-04-16,35.1,34.57
2011-04-17,35.08,34.57
2011-04-18,35.07,34.55
2011-04-19,35.07,34.55
2011-04-20,35.07,34.55
2011-04-21,35.08,34.55
2011-04-22,35.07,34.54
2011-04-23,35.12,34.58
2011-04-24,35.08,34.54
2011-04-25,35.1,34.55
2011-04-26,35.06,34.52
2011-04-27,35.05,34.5
2011-04-28,35.06,34.5
2011-04-29,35.05,34.49
2011-04-30,35.06,34.49
2011-05-01,35.08,34.5
2011-05-02,35.06,34.49
2011-05-03,35.21,34.53
2011-05-04,35.19,34.47
2011-05-05,35.23,34.47
2011-05-06,35.22,34.44
2011-05-07,35.23,34.45
2011-05-08,35.22,34.45
2011-05-09,35.19,34.43
2011-05-10,35.16,34.41
2011-05-11,35.13,34.36
2011-05-12,35.11,34.33
2011-05-13,35.1,34.31
2011-05-14,35.11,34.31
2011-05-15,35.12,34.31
2011-05-16,35.12,34.31
2011-05-17,35.08,34.26
2011-05-18,35.07,34.21
2011-05-19,35.06,34.19
2011-05-20,35.03,34.16
2011-05-21,35.04,34.17
2011-05-22,35.04,34.17
2011-05-23,35.07,34.19
2011-05-24,35.01,34.11
2011-05-25,34.97,34.09
2011-05-26,34.93,34.07
2011-05-27,34.88,34.05
2011-05-28,34.86,34.06
2011-05-29,34.85,34.04
2011-05-30,34.85,34.04
2011-05-31,34.93,34.09
2011-06-01,34.99,34.17
2011-06-03,34.93,34.13
2011-06-04,34.95,34.15
2011-06-05,34.95,34.16
2011-06-06,34.93,34.12
2011-06-07,34.91,34.11
2011-06-08,34.95,34.14
2011-06-09,34.88,34.08
2011-06-10,34.86,34.07
2011-06-11,34.86,34.09
2011-06-12,34.86,34.08
2011-06-13,34.83,34.07
2011-06-14,34.81,34.03
2011-06-15,34.79,34
2011-06-16,34.81,34.01
2011-06-18,34.74,33.99
2011-06-19,34.74,33.96
2011-06-20,34.71,33.95
2011-06-21,34.69,33.95
2011-06-22,34.68,33.94
2011-06-23,34.72,33.98
2011-06-24,34.62,33.91
2011-06-25,34.65,33.93
2011-06-26,34.65,33.94
2011-06-27,34.61,33.9
2011-06-28,34.59,33.88
2011-06-29,34.57,33.86
2011-06-30,34.5,33.82
2011-07-01,34.47,33.79
2011-07-02,34.44,33.79
2011-07-03,34.47,33.8
2011-07-04,34.43,33.77
2011-07-05,34.45,33.78
2011-07-06,34.45,33.76
2011-07-07,34.4,33.73
2011-07-08,34.44,33.81
2011-07-09,34.39,33.74
2011-07-10,34.41,33.72
2011-07-11,34.36,33.7
2011-07-12,34.38,33.73
2011-07-13,34.5,33.83
2011-07-14,34.58,33.9
2011-07-15,34.59,33.92
2011-07-16,34.68,34.03
2011-07-17,34.61,33.95
2011-07-18,34.6,33.92
2011-07-19,34.86,34.2
2011-07-20,35.07,34.44
2011-07-21,35.18,34.54
2011-07-22,35.18,34.52
2011-07-24,35.23,34.59
2011-07-25,35.2,34.55
2011-07-26,35.22,34.57
2011-07-27,35.2,34.55
2011-07-28,35.18,34.54
2011-07-29,35.14,34.51
2011-07-30,35.13,34.55
2011-07-31,35.14,34.53
2011-08-01,35.17,34.52
2011-08-02,35.13,34.5
2011-08-03,35.11,34.48
2011-08-04,35.07,34.46
2011-08-05,35.03,34.43
2011-08-06,35.04,34.44
2011-08-07,35.05,34.44
2011-08-08,35.03,34.41
2011-08-09,35,34.38
2011-08-10,34.94,34.33
2011-08-11,34.87,34.28
2011-08-12,34.78,34.17
2011-08-13,34.75,34.16
2011-08-14,34.75,34.17
2011-08-15,34.72,34.1
2011-08-16,34.68,34.06
2011-08-17,34.56,33.96
2011-08-18,34.5,33.88
2011-08-19,34.43,33.8
2011-08-20,34.42,33.8
2011-08-21,34.4,33.8
2011-08-22,34.39,33.76
2011-08-23,34.36,33.73
2011-08-24,34.35,33.72
2011-08-25,34.32,33.7
2011-08-26,34.3,33.66
2011-08-27,34.27,33.68
2011-08-28,34.27,33.66
2011-08-29,34.27,33.64
2011-08-30,34.24,33.61
2011-08-31,34.21,33.62
2011-09-01,34.2,33.64
2011-09-02,34.15,33.56
2011-09-03,34.16,33.57
2011-09-04,34.14,33.55
2011-09-05,34.18,33.57
2011-09-06,34.47,33.83
2011-09-07,34.62,33.98
2011-09-08,34.66,34.03
2011-09-09,34.68,34.04
2011-09-10,34.69,34.08
2011-09-11,34.72,34.08
2011-09-12,34.7,34.1
2011-09-13,34.78,34.12
2011-09-14,34.85,34.19
2011-09-15,34.91,34.25
2011-09-16,34.89,34.24
2011-09-17,34.93,34.27
2011-09-18,34.91,34.27
2011-09-19,34.93,34.26
2011-09-20,34.93,34.27
2011-09-21,34.91,34.26
2011-09-22,34.9,34.29
2011-09-23,34.89,34.28
2011-09-24,34.91,34.3
2011-09-25,34.91,34.3
2011-09-26,34.88,34.28
2011-09-27,34.88,34.29
2011-09-28,34.87,34.3
2011-09-29,34.88,34.3
2011-10-01,34.85,34.31
2011-10-02,34.85,34.33
2011-10-03,34.85,34.29
2011-10-05,34.78,34.24
2011-10-06,34.79,34.25
2011-10-07,34.74,34.24
2011-10-08,34.76,34.26
2011-10-09,34.75,34.24
2011-10-10,34.73,34.24
2011-10-11,34.74,34.28
2011-10-12,34.72,34.31
2011-10-13,34.74,34.4
2011-10-14,34.73,34.38
2011-10-15,34.72,34.39
2011-10-16,34.69,34.42
2011-10-17,34.72,34.39
2011-10-18,34.78,34.47
2011-10-19,34.81,34.52
2011-10-20,34.84,34.57
2011-10-21,34.86,34.57
2011-10-22,34.89,34.62
2011-10-23,34.85,34.6
2011-10-24,34.83,34.6
2011-10-25,34.84,34.71
2011-10-26,34.81,34.79
2011-10-27,34.82,34.85
2011-10-28,34.82,34.86
2011-10-29,34.8,34.86
2011-10-30,34.8,34.88
2011-10-31,34.8,34.85
2011-11-01,34.79,34.85
2011-11-02,34.77,34.85
2011-11-03,34.73,34.84
2011-11-04,34.71,34.82
2011-11-05,34.69,34.83
2011-11-06,34.71,34.83
2011-11-07,34.7,34.83
2011-11-08,34.7,34.83
2011-11-09,34.69,34.83
2011-11-10,34.71,34.87
2011-11-11,34.71,34.9
2011-11-12,34.7,34.9
2011-11-13,34.69,34.88
2011-11-14,34.71,34.95
2011-11-15,34.83,35.2
2011-11-16,34.95,35.42
2011-11-17,34.93,35.5
2011-11-18,34.91,35.52
2011-11-19,34.9,35.55
2011-11-20,34.9,35.57
2011-11-21,34.91,35.56
2011-11-22,34.89,35.58
2011-11-23,34.89,35.7
2011-11-24,34.88,35.62
2011-11-25,34.87,35.6
2011-11-26,34.86,35.65
2011-11-27,34.88,35.64
2011-11-28,34.86,35.63
2011-11-29,34.85,35.63
2011-11-30,34.83,35.62
2011-12-01,34.89,35.66
2011-12-02,34.8,35.62
2011-12-03,34.82,35.62
2011-12-04,34.83,35.63
2011-12-05,34.8,35.61
2011-12-06,34.78,35.6
2011-12-07,34.78,35.58
2011-12-08,34.76,35.58
2011-12-09,34.74,35.55
2011-12-10,34.74,35.55
2011-12-11,34.72,35.55
2011-12-12,34.77,35.56
2011-12-13,34.71,35.49
2011-12-14,34.7,35.5
2011-12-15,34.69,35.5
2011-12-16,34.66,35.48
2011-12-17,34.66,35.47
2011-12-18,34.65,35.48
2011-12-19,34.68,35.47
2011-12-20,34.75,35.47
2011-12-21,34.75,35.46
2011-12-22,34.71,35.46
2011-12-23,34.69,35.45
2011-12-24,34.72,35.48
2011-12-25,34.74,35.5
2011-12-26,34.7,35.47
2011-12-27,34.7,35.45
2011-12-28,34.73,35.45
2011-12-29,34.75,35.44
2011-12-30,34.71,35.42
2011-12-31,34.69,35.49
2012-01-01,34.8,35.5
2012-01-02,34.75,35.44
2012-01-03,34.98,35.59
2012-01-04,35.13,35.7
2012-01-05,35.23,35.76
2012-01-06,35.25,35.77
2012-01-07,35.29,35.81
2012-01-08,35.3,35.8
2012-01-09,35.39,35.84
2012-01-10,35.29,35.8
2012-01-11,35.32,35.81
2012-01-12,35.36,35.83
2012-01-13,35.37,35.89
2012-01-14,35.43,35.98
2012-01-15,35.44,36.01
2012-01-16,35.6,36.18
2012-01-17,35.83,36.5
2012-01-18,35.9,36.6
2012-01-19,35.96,36.64
2012-01-20,35.96,36.64
2012-01-21,36,36.71
2012-01-22,36,36.69
2012-01-23,35.97,36.7
2012-01-24,35.96,36.69
2012-01-25,35.96,36.66
2012-01-26,35.95,36.66
2012-01-27,35.93,36.62
2012-01-28,35.94,36.65
2012-01-29,35.92,36.65
2012-01-30,35.93,36.63
2012-01-31,35.92,36.62
2012-02-01,36.07,36.65
2012-02-02,35.95,36.58
2012-02-03,35.89,36.58
2012-02-04,35.95,36.63
2012-02-05,35.91,36.58
2012-02-06,35.87,36.55
2012-02-07,35.91,36.59
2012-02-08,35.88,36.53
2012-02-09,35.86,36.52
2012-02-10,35.85,36.49
2012-02-11,35.87,36.54
2012-02-12,35.84,36.52
2012-02-15,35.91,36.47
2012-02-16,35.94,36.47
2012-02-17,35.95,36.46
2012-02-18,35.96,36.48
2012-02-19,35.96,36.49
2012-02-20,35.93,36.46
2012-02-21,36.02,36.54
2012-02-22,36.16,36.63
2012-02-23,36.22,36.68
2012-02-24,36.21,36.64
2012-02-25,36.25,36.68
2012-02-26,36.2,36.68
2012-02-27,36.22,36.65
2012-02-28,36.22,36.64
2012-02-29,36.25,36.65
2012-03-01,36.32,36.7
2012-03-02,36.3,36.65
2012-03-03,36.33,36.68
2012-03-04,36.33,36.67
2012-03-05,36.31,36.65
2012-03-06,36.33,36.64
2012-03-07,36.45,36.64
2012-03-08,36.51,36.64
2012-03-09,36.53,36.62
2012-03-10,36.54,36.64
2012-03-11,36.54,36.65
2012-03-13,36.66,36.69
2012-03-14,36.75,36.75
2012-03-15,36.81,36.77
2012-03-16,36.84,36.79
2012-03-17,36.89,36.81
2012-03-18,36.89,36.81
2012-03-19,36.86,36.78
2012-03-20,36.99,36.83
2012-03-21,37.1,36.9
2012-03-22,37.17,36.92
2012-03-23,37.17,36.91
2012-03-24,37.19,36.93
2012-03-25,37.21,36.93
2012-03-26,37.18,36.88
2012-03-27,37.19,36.87
2012-03-28,37.21,36.86
2012-03-29,37.24,36.84
2012-03-30,37.23,36.83
2012-03-31,37.23,36.85
2012-04-01,37.24,36.84
2012-04-02,37.26,36.84
2012-04-03,37.31,36.83
2012-04-04,37.45,36.8
2012-04-05,37.52,36.8
2012-04-06,37.54,36.8
2012-04-07,37.58,36.8
2012-04-08,37.56,36.8
2012-04-09,37.6,36.82
2012-04-10,37.61,36.8
2012-04-11,37.7,36.77
2012-04-12,37.77,36.81
2012-04-13,37.78,36.8
2012-04-14,37.8,36.81
2012-04-15,37.79,36.84
2012-04-16,37.78,36.8
2012-04-17,37.8,36.79
2012-04-18,37.79,36.77
2012-04-19,37.81,36.78
2012-04-20,37.81,36.78
2012-04-21,37.8,36.93
2012-04-22,37.84,36.77
2012-04-23,37.8,36.76
2012-04-24,37.78,36.74
2012-04-25,37.77,36.71
2012-04-26,37.77,36.73
2012-04-27,37.72,36.7
2012-04-28,37.69,36.68
2012-04-29,37.7,36.72
2012-04-30,37.67,36.68
2012-05-01,37.7,36.71
2012-05-02,37.64,36.64
2012-05-03,37.65,36.65
2012-05-04,37.57,36.63
2012-05-05,37.56,36.69
2012-05-06,37.54,36.62
2012-05-07,37.51,36.61
2012-05-08,37.52,36.62
2012-05-09,37.45,36.55
2012-05-10,37.41,36.54
2012-05-11,37.35,36.51
2012-05-12,37.28,36.49
2012-05-13,37.29,36.49
2012-05-14,37.29,36.46
2012-05-15,37.22,36.45
2012-05-16,37.14,36.34
2012-05-17,37.12,36.34
2012-05-18,37.09,36.29
2012-05-19,37.09,36.31
2012-05-20,37.09,36.3
2012-05-21,37.05,36.25
2012-05-22,37.02,36.23
2012-05-23,36.96,36.19
2012-05-24,36.97,36.2
2012-05-25,36.92,36.16
2012-05-26,36.93,36.15
2012-05-27,36.92,36.14
2012-05-28,36.88,36.12
2012-05-29,36.84,36.08
2012-05-30,36.77,36.01
2012-05-31,36.76,36.02
2012-06-01,36.78,36.04
2012-06-02,36.67,35.96
2012-06-03,36.69,35.96
2012-06-04,36.67,35.93
2012-06-05,36.63,35.89
2012-06-06,36.59,35.85
2012-06-07,36.57,35.81
2012-06-08,36.5,35.77
2012-06-09,36.45,35.78
2012-06-10,36.47,35.74
2012-06-11,36.46,35.72
2012-06-12,36.41,35.67
2012-06-13,36.34,35.58
2012-06-14,36.26,35.51
2012-06-15,36.18,35.42
2012-06-16,36.12,35.37
2012-06-17,36.1,35.36
2012-06-18,36.13,35.35
2012-06-19,36.07,35.32
2012-06-20,36.02,35.27
2012-06-21,35.99,35.24
2012-06-22,35.93,35.19
2012-06-23,35.88,35.16
2012-06-24,35.87,35.15
2012-06-25,35.86,35.12
2012-06-26,35.81,35.08
2012-06-28,35.69,34.97
2012-06-29,35.64,34.92
2012-06-30,35.57,34.87
2012-07-01,35.6,34.93
2012-07-02,35.62,34.87
2012-07-03,35.59,34.88
2012-07-04,35.57,34.85
2012-07-05,35.59,34.88
2012-07-06,35.58,34.87
2012-07-07,35.55,34.85
2012-07-08,35.58,34.82
2012-07-09,35.6,34.88
2012-07-10,35.72,34.99
2012-07-11,35.82,35.09
2012-07-12,35.87,35.15
2012-07-13,35.87,35.17
2012-07-14,35.92,35.23
2012-07-15,35.98,35.22
2012-07-16,35.94,35.24
2012-07-17,35.99,35.31
2012-07-18,36.09,35.43
2012-07-19,36.14,35.5
2012-07-20,36.12,35.51
2012-07-21,36.21,35.53
2012-07-22,36.17,35.57
2012-07-23,36.19,35.56
2012-07-24,36.38,35.77
2012-07-25,36.71,36.06
2012-07-26,36.77,36.16
2012-07-27,36.74,36.14
2012-07-28,36.73,36.18
2012-07-29,36.87,36.18
2012-07-30,36.73,36.15
2012-07-31,36.71,36.12
2012-08-01,36.71,36.12
2012-08-02,36.69,36.11
2012-08-03,36.69,36.11
2012-08-04,36.68,36.13
2012-08-05,36.66,36.11
2012-08-07,36.76,36.1
2012-08-08,36.82,36.1
2012-08-09,36.9,36.11
2012-08-10,36.94,36.15
2012-08-11,36.94,36.17
2012-08-12,36.95,36.17
2012-08-13,36.93,36.19
2012-08-14,37.15,36.39
2012-08-15,37.4,36.62
2012-08-16,37.5,36.73
2012-08-18,37.48,36.77
2012-08-19,37.52,36.72
2012-08-20,37.52,36.74
2012-08-21,37.72,36.85
2012-08-22,38.04,37.04
2012-08-23,38.09,37.1
2012-08-24,38.13,37.14
2012-08-26,38.11,37.18
2012-08-27,38.15,37.16
2012-08-28,38.15,37.18
2012-08-29,38.17,37.17
2012-08-30,38.18,37.19
2012-08-31,38.16,37.18
2012-09-01,38.14,37.24
2012-09-02,38.13,37.2
2012-09-03,38.17,37.19
2012-09-04,38.17,37.2
2012-09-05,38.17,37.18
2012-09-06,38.15,37.18
2012-09-07,38.13,37.16
2012-09-08,38.33,37.17
2012-09-09,38.12,37.17
2012-09-10,38.17,37.17
2012-09-11,38.32,37.16
2012-09-12,38.51,37.17
2012-09-13,38.56,37.18
2012-09-14,38.5,37.18
2012-09-16,38.48,37.19
2012-09-17,38.49,37.17
2012-09-18,38.44,37.17
2012-09-19,38.4,37.15
2012-09-20,38.32,37.11
2012-09-22,38.2,37.07
2012-09-23,38.21,37.07
2012-09-24,38.24,37.06
2012-09-25,38.17,37.03
2012-09-26,38.1,36.98
2012-09-27,38.05,36.95
2012-09-29,38.03,36.97
2012-09-30,38.01,36.92
2012-10-01,38.11,36.93
2012-10-02,38.02,36.93
2012-10-03,38,36.93
2012-10-04,38.03,36.95
2012-10-05,38,36.94
2012-10-06,37.97,36.93
2012-10-07,37.98,36.94
2012-10-08,37.99,36.93
2012-10-09,37.96,36.91
2012-10-10,37.93,36.9
2012-10-11,37.92,36.88
2012-10-12,37.88,36.88
2012-10-13,37.88,36.9
2012-10-14,37.86,36.91
2012-10-15,37.9,36.89
2012-10-16,37.89,36.87
2012-10-17,37.86,36.84
2012-10-18,37.84,36.87
2012-10-19,37.78,36.87
2012-10-20,37.75,36.91
2012-10-21,37.71,36.91
2012-10-22,37.75,36.9
2012-10-23,37.69,36.89
2012-10-24,37.62,36.87
2012-10-25,37.55,36.85
2012-10-27,37.31,36.81
2012-10-28,37.34,36.79
2012-10-29,37.31,36.77
2012-10-30,37.2,36.74
2012-10-31,37.1,36.7
2012-11-01,37.02,36.63
2012-11-02,36.93,36.66
2012-11-03,36.77,36.64
2012-11-04,36.79,36.65
2012-11-05,36.83,36.63
2012-11-06,36.72,36.6
2012-11-07,36.58,36.55
2012-11-08,36.53,36.54
2012-11-09,36.48,36.51
2012-11-10,36.34,36.48
2012-11-11,36.31,36.47
2012-11-12,36.27,36.43
2012-11-13,36.16,36.36
2012-11-14,36.08,36.33
2012-11-15,36.04,36.3
2012-11-16,35.97,36.27
2012-11-17,35.93,36.24
2012-11-18,35.9,36.22
2012-11-19,35.97,36.25
2012-11-20,35.91,36.21
2012-11-21,35.85,36.21
2012-11-22,35.8,36.19
2012-11-23,35.72,36.16
2012-11-24,35.6,36.12
2012-11-25,35.6,36.12
2012-11-26,35.67,36.15
2012-11-27,35.64,36.13
2012-11-28,35.61,36.13
2012-11-29,35.59,36.13
2012-11-30,35.57,36.11
2012-12-01,35.47,36.08
2012-12-02,35.45,36.08
2012-12-03,35.52,36.1
2012-12-04,35.49,36.08
2012-12-05,35.46,36.05
2012-12-06,35.23,36.14
2012-12-07,35.41,36.02
2012-12-08,35.34,35.97
2012-12-09,35.31,35.97
2012-12-10,35.36,35.97
2012-12-11,35.3,35.91
2012-12-12,35.27,35.84
2012-12-13,35.24,35.79
2012-12-14,35.18,35.72
2012-12-15,35.12,35.68
2012-12-16,35.05,35.68
2012-12-17,35.17,35.67
2012-12-18,35.14,35.66
2012-12-19,35.12,35.61
2012-12-20,35.12,35.59
2012-12-22,35.04,35.56
2012-12-23,34.99,35.52
2012-12-24,34.97,35.55
2012-12-25,35.07,35.58
2012-12-26,35.07,35.54
2012-12-27,35.09,35.54
2012-12-29,35.01,35.49
2012-12-30,35.07,35.47
2012-12-31,35.02,35.48
2013-01-01,35.11,35.55
2013-01-02,35.12,35.53
2013-01-03,35.21,35.63
2013-01-04,35.23,35.64
2013-01-05,35.2,35.66
2013-01-06,35.2,35.62
2013-01-07,35.25,35.64
2013-01-08,35.27,35.58
2013-01-09,35.23,35.57
2013-01-10,35.28,35.58
2013-01-11,35.27,35.58
2013-01-12,35.27,35.58
2013-01-13,35.26,35.57
2013-01-14,35.29,35.57
2013-01-15,35.39,35.68
2013-01-16,35.48,35.77
2013-01-17,35.5,35.78
2013-01-18,35.53,35.82
2013-01-19,35.53,35.8
2013-01-20,35.53,35.79
2013-01-21,35.53,35.79
2013-01-22,35.53,35.77
2013-01-23,35.52,35.73
2013-01-24,35.51,35.73
2013-01-25,35.52,35.72
2013-01-26,35.52,35.77
2013-01-27,35.53,35.75
2013-01-28,35.51,35.72
2013-01-29,35.63,35.74
2013-01-30,35.74,35.75
2013-01-31,35.77,35.77
2013-02-01,35.79,35.78
2013-02-02,35.78,35.81
2013-02-03,35.79,35.81
2013-02-04,35.79,35.78
2013-02-05,35.83,35.79
2013-02-06,36.07,35.8
2013-02-07,36.24,35.82
2013-02-08,36.31,35.89
2013-02-09,36.36,35.83
2013-02-10,36.33,35.85
2013-02-11,36.34,35.83
2013-02-12,36.28,35.82
2013-02-13,36.32,35.83
2013-02-14,36.34,35.9
2013-02-15,36.33,35.93
2013-02-16,36.36,35.98
2013-02-17,36.36,35.98
2013-02-18,36.37,35.97
2013-02-19,36.42,36.02
2013-02-20,36.5,36.07
2013-02-21,36.62,36.16
2013-02-22,36.65,36.19
2013-02-23,36.75,36.2
2013-02-24,36.7,36.21
2013-02-25,36.69,36.18
2013-02-26,36.74,36.22
2013-02-27,36.77,36.24
2013-02-28,36.78,36.25
2013-03-01,36.77,36.25
2013-03-02,36.81,36.27
2013-03-03,36.83,36.28
2013-03-04,36.8,36.25
2013-03-05,36.8,36.25
2013-03-06,36.79,36.24
2013-03-07,36.75,36.21
2013-03-08,36.72,36.2
2013-03-09,36.71,36.19
2013-03-10,36.69,36.18
2013-03-11,36.72,36.18
2013-03-12,36.67,36.14
2013-03-13,36.63,36.1
2013-03-14,36.61,36.09
2013-03-15,36.56,36.05
2013-03-17,36.51,36.04
2013-03-18,36.5,36.01
2013-03-19,36.49,36
2013-03-20,36.45,35.97
2013-03-21,36.42,35.95
2013-03-22,36.37,35.93
2013-03-23,36.35,35.9
2013-03-25,36.35,35.87
2013-03-26,36.32,35.83
2013-03-27,36.3,35.82
2013-03-28,36.29,35.8
2013-03-29,36.26,35.76
2013-03-30,36.26,35.77
2013-03-31,36.21,35.76
2013-04-02,36.28,35.78
2013-04-03,36.44,35.89
2013-04-04,36.5,35.93
2013-04-05,36.49,35.93
2013-04-06,36.48,35.91
2013-04-07,36.46,35.93
2013-04-09,36.44,35.88
2013-04-10,36.42,35.85
2013-04-11,36.39,35.83
2013-04-12,36.34,35.81
2013-04-13,36.33,35.81
2013-04-14,36.33,35.82
2013-04-15,36.31,35.79
2013-04-16,36.27,35.73
2013-04-17,36.18,35.64
2013-04-18,36.12,35.56
2013-04-19,36.04,35.49
2013-04-20,36.01,35.44
2013-04-21,35.95,35.45
2013-04-22,35.98,35.42
2013-04-23,35.91,35.36
2013-04-24,35.84,35.27
2013-04-25,35.77,35.21
2013-04-26,35.67,35.14
2013-04-27,35.62,35.11
2013-04-28,35.62,35.09
2013-04-29,35.62,35.08
2013-04-30,35.56,35.01
2013-05-01,35.55,35
2013-05-02,35.54,35.01
2013-05-03,35.51,34.99
2013-05-04,35.49,34.97
2013-05-05,35.52,34.99
2013-05-06,35.48,34.96
2013-05-07,35.42,34.87
2013-05-08,35.42,34.9
2013-05-09,35.41,34.86
2013-05-10,35.37,34.84
2013-05-11,35.33,34.82
2013-05-12,35.34,34.81
2013-05-13,35.35,34.8
2013-05-14,35.32,34.79
2013-05-15,35.4,34.86
2013-05-16,35.46,34.91
2013-05-17,35.45,34.9
2013-05-18,35.43,34.91
2013-05-19,35.38,34.91
2013-05-20,35.42,34.89
2013-05-21,35.47,34.91
2013-05-22,35.6,35.01
2013-05-23,35.68,35.05
2013-05-24,35.68,35.09
2013-05-25,35.76,35.16
2013-05-26,35.7,35.18
2013-05-27,35.74,35.16
2013-05-28,35.76,35.19
2013-05-29,35.86,35.28
2013-05-30,35.91,35.33
2013-05-31,35.91,35.34
2013-06-01,35.92,35.4
2013-06-02,35.95,35.42
2013-06-03,35.97,35.4
2013-06-04,36,35.44
2013-06-05,36.06,35.5
2013-06-06,36.09,35.51
2013-06-07,36.07,35.53
2013-06-08,36.06,35.53
2013-06-09,36.06,35.56
2013-06-10,36.09,35.52
2013-06-11,36.1,35.54
2013-06-12,36.09,35.53
2013-06-13,36.1,35.55
2013-06-14,36.08,35.54
2013-06-15,36.08,35.54
2013-06-16,36.07,35.56
2013-06-17,36.08,35.54
2013-06-18,36.09,35.55
2013-06-19,36.11,35.57
2013-06-20,36.11,35.57
2013-06-21,36.1,35.58
2013-06-22,36.09,35.57
2013-06-23,36.07,35.56
2013-06-24,36.11,35.56
2013-06-25,36.13,35.61
2013-06-26,36.16,35.65
2013-06-27,36.18,35.68
2013-06-28,36.16,35.68
2013-06-29,36.12,35.69
2013-06-30,36.11,35.68
2013-07-01,36.13,35.67
2013-07-02,36.13,35.66
2013-07-03,36.12,35.67
2013-07-04,36.13,35.66
2013-07-05,36.11,35.67
2013-07-06,36.11,35.7
2013-07-07,36.11,35.7
2013-07-08,36.11,35.67
2013-07-09,36.25,35.79
2013-07-10,36.42,35.95
2013-07-11,36.51,36
2013-07-12,36.49,36.04
2013-07-13,36.53,36.1
2013-07-14,36.55,36.09
2013-07-15,36.53,36.07
2013-07-16,36.67,36.16
2013-07-17,36.82,36.24
2013-07-18,36.9,36.29
2013-07-19,36.88,36.28
2013-07-20,36.86,36.3
2013-07-21,36.84,36.34
2013-07-22,36.87,36.29
2013-07-23,36.9,36.3
2013-07-24,36.94,36.34
2013-07-25,37.03,36.35
2013-07-26,37,36.34
2013-07-27,36.96,36.35
2013-07-28,36.96,36.35
2013-07-29,36.96,36.31
2013-07-30,36.92,36.31
2013-07-31,36.91,36.28
2013-08-01,36.92,36.27
2013-08-02,36.89,36.25
2013-08-03,36.84,36.25
2013-08-04,36.88,36.27
2013-08-05,36.87,36.24
2013-08-06,36.84,36.24
2013-08-07,36.84,36.23
2013-08-08,36.83,36.22
2013-08-09,36.83,36.19
2013-08-10,36.79,36.24
2013-08-11,36.82,36.21
2013-08-12,36.81,36.18
2013-08-13,36.8,36.17
2013-08-14,36.78,36.17
2013-08-15,36.78,36.16
2013-08-16,36.77,36.14
2013-08-17,36.77,36.19
2013-08-18,36.74,36.16
2013-08-19,36.76,36.14
2013-08-20,36.78,36.13
2013-08-21,36.79,36.19
2013-08-22,36.81,36.23
2013-08-23,36.82,36.21
2013-08-24,36.79,36.22
2013-08-25,36.79,36.22
2013-08-26,36.78,36.19
2013-08-27,36.78,36.19
2013-08-28,36.78,36.18
2013-08-29,36.78,36.17
2013-08-30,36.77,36.18
2013-08-31,36.76,36.17
2013-09-01,36.77,36.22
2013-09-02,36.76,36.18
2013-09-03,36.92,36.32
2013-09-04,37,36.41
2013-09-05,37.04,36.49
2013-09-06,37.02,36.45
2013-09-07,37.04,36.49
2013-09-08,37.01,36.49
2013-09-09,37,36.46
2013-09-10,36.99,36.45
2013-09-11,37,36.45
2013-09-12,36.98,36.45
2013-09-13,36.98,36.44
2013-09-14,36.96,36.47
2013-09-15,36.96,36.47
2013-09-16,36.94,36.44
2013-09-17,36.92,36.45
2013-09-18,36.87,36.43
2013-09-19,36.82,36.4
2013-09-20,36.77,36.38
2013-09-21,36.73,36.38
2013-09-22,36.75,36.4
2013-09-23,36.72,36.35
2013-09-24,36.71,36.33
2013-09-25,36.64,36.29
2013-09-26,36.58,36.24
2013-09-27,36.51,36.2
2013-09-28,36.5,36.21
2013-09-29,36.45,36.2
2013-09-30,36.48,36.18
2013-10-01,36.43,36.13
2013-10-02,36.37,36.09
2013-10-03,36.33,36.06
2013-10-04,36.27,36.03
2013-10-05,36.21,36.02
2013-10-06,36.22,36.02
2013-10-07,36.2,35.99
2013-10-08,36.14,35.97
2013-10-09,36.07,35.95
2013-10-10,36,35.91
2013-10-11,35.96,35.89
2013-10-12,35.93,35.89
2013-10-13,35.9,35.87
2013-10-14,35.89,35.85
2013-10-15,35.82,35.81
2013-10-16,35.79,35.79
2013-10-17,35.74,35.78
2013-10-19,35.67,35.76
2013-10-20,35.69,35.77
2013-10-21,35.67,35.73
2013-10-22,35.65,35.71
2013-10-23,35.64,35.7
2013-10-24,35.61,35.69
2013-10-25,35.56,35.66
2013-10-26,35.51,35.68
2013-10-27,35.54,35.67
2013-10-28,35.57,35.67
2013-10-29,35.54,35.65
2013-10-30,35.53,35.63
2013-10-31,35.5,35.61
2013-11-01,35.43,35.58
2013-11-02,35.45,35.58
2013-11-03,35.46,35.61
2013-11-04,35.46,35.58
2013-11-05,35.45,35.57
2013-11-06,35.45,35.57
2013-11-07,35.41,35.55
2013-11-08,35.4,35.53
2013-11-09,35.41,35.55
2013-11-10,35.4,35.55
2013-11-11,35.4,35.54
2013-11-12,35.4,35.52
2013-11-13,35.39,35.53
2013-11-14,35.39,35.52
2013-11-15,35.38,35.52
2013-11-16,35.46,35.6
2013-11-17,35.47,35.61
2013-11-18,35.45,35.58
2013-11-19,35.61,35.7
2013-11-20,35.77,35.82
2013-11-21,35.89,35.91
2013-11-22,35.95,35.95
2013-11-23,35.9,35.97
2013-11-24,35.95,35.97
2013-11-25,35.92,35.94
2013-11-26,35.95,35.96
2013-11-27,35.96,35.98
2013-11-28,35.97,35.99
2013-11-29,35.97,36
2013-11-30,35.97,36.02
2013-12-01,36,36.06
2013-12-02,35.99,36.03
2013-12-03,36.03,36.08
2013-12-04,36.06,36.13
2013-12-05,36.09,36.16
2013-12-06,36.09,36.17
2013-12-07,36.09,36.19
2013-12-08,36.08,36.19
2013-12-09,36.1,36.19
2013-12-10,36.13,36.22
2013-12-11,36.14,36.23
2013-12-12,36.14,36.25
2013-12-13,36.14,36.25
2013-12-14,36.16,36.27
2013-12-15,36.16,36.3
2013-12-16,36.15,36.24
2013-12-17,36.14,36.24
2013-12-18,36.15,36.26
2013-12-19,36.13,36.25
2013-12-20,36.12,36.24
2013-12-21,36.14,36.27
2013-12-22,36.12,36.29
2013-12-23,36.1,36.24
2013-12-24,36.1,36.28
2013-12-25,36.2,36.34
2013-12-26,36.14,36.32
2013-12-27,36.12,36.24
2013-12-28,36.14,36.3
2013-12-29,36.1,36.26
2013-12-30,36.1,36.22
2013-12-31,36.08,36.21
2014-01-01,36.3,36.42
2014-01-02,36.15,36.29
2014-01-03,36.19,36.3
2014-01-04,36.2,36.35
2014-01-05,36.19,36.33
2014-01-06,36.2,36.3
2014-01-07,36.21,36.31
2014-01-08,36.21,36.3
2014-01-09,36.19,36.31
2014-01-10,36.18,36.3
2014-01-11,36.2,36.33
2014-01-12,36.16,36.35
2014-01-13,36.19,36.29
2014-01-14,36.19,36.29
2014-01-15,36.19,36.29
2014-01-16,36.17,36.27
2014-01-17,36.15,36.26
2014-01-18,36.17,36.28
2014-01-19,36.13,36.29
2014-01-20,36.15,36.24
2014-01-21,36.15,36.24
2014-01-22,36.17,36.23
2014-01-23,36.15,36.23
2014-01-24,36.13,36.2
2014-01-25,36.11,36.25
2014-01-26,36.13,36.24
2014-01-27,36.14,36.19
2014-01-28,36.13,36.19
2014-01-29,36.12,36.19
2014-01-30,36.1,36.18
2014-01-31,36.09,36.17
2014-02-01,36.12,36.21
2014-02-02,36.1,36.2
2014-02-03,36.08,36.15
2014-02-04,36.11,36.19
2014-02-05,36.13,36.19
2014-02-06,36.14,36.19
2014-02-07,36.1,36.18
2014-02-08,36.1,36.2
2014-02-09,36.12,36.21
2014-02-10,36.07,36.17
2014-02-11,36.1,36.17
2014-02-12,36.08,36.16
2014-02-13,36.07,36.15
2014-02-14,36.07,36.14
2014-02-15,36.06,36.18
2014-02-16,36.06,36.18
2014-02-17,36.04,36.11
2014-02-18,36.05,36.12
2014-02-19,36.1,36.11
2014-02-20,36.12,36.12
2014-02-21,36.09,36.11
2014-02-22,36.14,36.14
2014-02-23,36.1,36.13
2014-02-24,36.1,36.12
2014-02-25,36.12,36.13
2014-02-26,36.1,36.12
2014-02-27,36.03,36.11
2014-02-28,35.99,36.09
2014-03-01,36.03,36.13
2014-03-02,36,36.13
2014-03-03,35.98,36.09
2014-03-04,35.98,36.09
2014-03-05,35.97,36.09
2014-03-06,35.95,36.08
2014-03-07,35.94,36.06
2014-03-08,35.96,36.08
2014-03-09,35.92,36.09
2014-03-10,35.92,36.06
2014-03-11,35.93,36.05
2014-03-12,35.93,36.04
2014-03-13,35.92,36.05
2014-03-14,35.9,36.02
2014-03-15,35.87,36.03
2014-03-16,35.84,36.01
2014-03-17,35.85,35.97
2014-03-18,35.83,35.94
2014-03-19,35.8,35.93
2014-03-20,35.76,35.89
2014-03-21,35.71,35.86
2014-03-22,35.73,35.9
2014-03-23,35.72,35.86
2014-03-24,35.69,35.83
2014-03-25,35.68,35.81
2014-03-26,35.65,35.79
2014-03-27,35.63,35.78
2014-03-28,35.62,35.75
2014-03-29,35.59,35.78
2014-03-30,35.58,35.76
2014-03-31,35.58,35.74
2014-04-01,35.68,35.77
2014-04-02,35.77,35.79
2014-04-03,35.86,35.81
2014-04-04,35.82,35.8
2014-04-05,35.8,35.81
2014-04-06,35.76,35.81
2014-04-07,35.76,35.77
2014-04-08,35.75,35.78
2014-04-09,35.74,35.76
2014-04-10,35.75,35.74
2014-04-11,35.74,35.75
2014-04-12,35.77,35.78
2014-04-13,35.72,35.79
2014-04-14,35.76,35.75
2014-04-15,35.82,35.78
2014-04-16,35.89,35.8
2014-04-17,35.95,35.81
2014-04-18,35.96,35.8
2014-04-19,35.96,35.82
2014-04-20,35.91,35.82
2014-04-21,36,35.85
2014-04-22,35.96,35.8
2014-04-23,36.04,35.85
2014-04-24,36.17,35.92
2014-04-25,36.18,35.93
2014-04-26,36.12,35.92
2014-04-27,36.15,35.92
2014-04-28,36.15,35.89
2014-04-29,36.17,35.89
2014-04-30,36.18,35.9
2014-05-01,36.2,35.93
2014-05-02,36.17,35.88
2014-05-03,36.15,35.92
2014-05-04,36.17,35.92
2014-05-05,36.19,35.9
2014-05-06,36.19,35.89
2014-05-07,36.2,35.9
2014-05-08,36.21,35.92
2014-05-09,36.18,35.9
2014-05-10,36.17,35.91
2014-05-11,36.21,35.93
2014-05-12,36.19,35.88
2014-05-13,36.18,35.87
2014-05-14,36.19,35.88
2014-05-15,36.17,35.87
2014-05-16,36.18,35.86
2014-05-17,36.16,35.89
2014-05-18,36.15,35.9
2014-05-19,36.16,35.86
2014-05-20,36.19,35.89
2014-05-21,36.23,35.96
2014-05-22,36.28,36
2014-05-23,36.27,35.99
2014-05-24,36.24,36
2014-05-25,36.26,36
2014-05-26,36.25,35.96
2014-05-27,36.24,35.95
2014-05-28,36.28,35.97
2014-05-29,36.29,35.97
2014-05-31,36.24,35.95
2014-06-01,36.28,36
2014-06-02,36.28,35.96
2014-06-03,36.28,35.96
2014-06-04,36.3,35.97
2014-06-05,36.3,35.97
2014-06-07,36.26,36
2014-06-08,36.28,36
2014-06-09,36.26,35.96
2014-06-10,36.27,35.93
2014-06-11,36.28,35.95
2014-06-12,36.28,35.93
2014-06-13,36.26,35.94
2014-06-14,36.28,35.97
2014-06-15,36.29,35.97
2014-06-16,36.27,35.94
2014-06-17,36.32,35.96
2014-06-18,36.39,36.03
2014-06-19,36.5,36.12
2014-06-20,36.5,36.14
2014-06-21,36.59,36.22
2014-06-22,36.62,36.22
2014-06-23,36.59,36.19
2014-06-24,36.66,36.22
2014-06-25,36.76,36.31
2014-06-26,36.84,36.39
2014-06-27,36.87,36.4
2014-06-28,36.92,36.45
2014-06-29,36.92,36.45
2014-06-30,36.88,36.41
2014-07-01,36.92,36.42
2014-07-02,36.94,36.42
2014-07-03,36.96,36.44
2014-07-04,36.95,36.43
2014-07-05,36.94,36.47
2014-07-06,36.95,36.45
2014-07-07,36.94,36.42
2014-07-08,36.94,36.41
2014-07-09,36.94,36.41
2014-07-10,36.95,36.4
2014-07-11,36.95,36.4
2014-07-12,36.98,36.45
2014-07-13,36.96,36.44
2014-07-14,36.96,36.39
2014-07-15,36.96,36.38
2014-07-16,36.98,36.38
2014-07-17,36.97,36.36
2014-07-18,36.94,36.35
2014-07-19,36.94,36.35
2014-07-20,36.93,36.36
2014-07-21,36.93,36.31
2014-07-22,36.93,36.28
2014-07-23,36.9,36.28
2014-07-24,36.91,36.26
2014-07-25,36.89,36.24
2014-07-26,36.88,36.26
2014-07-27,36.94,36.27
2014-07-28,36.89,36.23
2014-07-29,36.87,36.2
2014-07-30,36.87,36.2
2014-07-31,36.85,36.19
2014-08-01,36.85,36.19
2014-08-02,36.85,36.22
2014-08-03,36.81,36.22
2014-08-04,36.85,36.18
2014-08-05,36.83,36.16
2014-08-06,36.84,36.17
2014-08-07,36.83,36.16
2014-08-08,36.79,36.18
2014-08-09,36.79,36.21
2014-08-10,36.73,36.22
2014-08-11,36.78,36.21
2014-08-12,36.8,36.21
2014-08-13,36.81,36.23
2014-08-14,36.81,36.25
2014-08-15,36.78,36.22
2014-08-16,36.81,36.27
2014-08-17,36.81,36.28
2014-08-18,36.77,36.23
2014-08-19,36.76,36.22
2014-08-20,36.77,36.22
2014-08-21,36.76,36.23
2014-08-22,36.74,36.21
2014-08-23,36.76,36.26
2014-08-24,36.76,36.25
2014-08-25,36.75,36.21
2014-08-26,36.76,36.2
2014-08-27,36.77,36.2
2014-08-28,36.77,36.19
2014-08-29,36.77,36.21
2014-08-30,36.76,36.23
2014-08-31,36.75,36.22
2014-09-01,36.76,36.21
2014-09-02,36.78,36.21
2014-09-03,36.78,36.22
2014-09-04,36.8,36.23
2014-09-05,36.77,36.22
2014-09-06,36.8,36.27
2014-09-07,36.78,36.27
2014-09-08,36.78,36.23
2014-09-09,36.79,36.23
2014-09-10,36.8,36.24
2014-09-11,36.8,36.24
2014-09-12,36.79,36.22
2014-09-13,36.78,36.27
2014-09-14,36.82,36.27
2014-09-15,36.8,36.22
2014-09-16,36.78,36.22
2014-09-17,36.79,36.23
2014-09-18,36.79,36.24
2014-09-19,36.8,36.24
2014-09-20,36.81,36.28
2014-09-21,36.83,36.29
2014-09-22,36.8,36.24
2014-09-23,36.79,36.23
2014-09-24,36.79,36.22
2014-09-25,36.79,36.2
2014-09-26,36.79,36.19
2014-09-27,36.78,36.22
2014-09-28,36.76,36.26
2014-09-29,36.78,36.19
2014-09-30,36.76,36.18
2014-10-01,36.8,36.19
2014-10-02,36.78,36.17
2014-10-03,36.77,36.17
2014-10-04,36.76,36.2
2014-10-05,36.73,36.21
2014-10-06,36.75,36.15
2014-10-07,36.74,36.15
2014-10-08,36.74,36.13
2014-10-09,36.72,36.13
2014-10-10,36.72,36.12
2014-10-11,36.68,36.14
2014-10-12,36.73,36.15
2014-10-13,36.7,36.1
2014-10-14,36.69,36.07
2014-10-15,36.68,36.04
2014-10-16,36.64,36
2014-10-17,36.61,35.98
2014-10-18,36.56,35.98
2014-10-19,36.58,35.97
2014-10-20,36.53,35.92
2014-10-21,36.49,35.85
2014-10-22,36.41,35.82
2014-10-23,36.34,35.76
2014-10-24,36.25,35.7
2014-10-25,36.23,35.71
2014-10-26,36.2,35.71
2014-10-27,36.21,35.66
2014-10-28,36.13,35.65
2014-10-29,36.14,35.6
2014-10-30,36.07,35.59
2014-10-31,36.02,35.52
2014-11-01,36.03,35.58
2014-11-02,35.98,35.55
2014-11-04,35.93,35.46
2014-11-05,35.9,35.44
2014-11-06,35.88,35.42
2014-11-07,35.83,35.39
2014-11-08,35.79,35.43
2014-11-09,35.82,35.43
2014-11-10,35.79,35.37
2014-11-11,35.73,35.33
2014-11-12,35.72,35.33
2014-11-13,35.69,35.31
2014-11-14,35.64,35.27
2014-11-15,35.6,35.3
2014-11-16,35.6,35.3
2014-11-17,35.62,35.28
2014-11-18,35.6,35.24
2014-11-19,35.56,35.23
2014-11-20,35.53,35.19
2014-11-21,35.48,35.18
2014-11-22,35.37,35.14
2014-11-23,35.36,35.16
2014-11-24,35.41,35.1
2014-11-25,35.32,35.05
2014-11-26,35.27,35.01
2014-11-27,35.19,34.95
2014-11-28,35.11,34.87
2014-11-29,35.04,34.85
2014-11-30,35.03,34.83
2014-12-01,35.02,34.81
2014-12-02,34.97,34.75
2014-12-03,34.91,34.67
2014-12-04,34.81,34.6
2014-12-05,34.71,34.52
2014-12-06,34.58,34.46
2014-12-07,34.63,34.46
2014-12-08,34.58,34.4
2014-12-09,34.48,34.3
2014-12-10,34.27,34.13
2014-12-12,33.93,33.85
2014-12-13,33.77,33.73
2014-12-14,33.69,33.68
2014-12-15,33.7,33.64
2014-12-16,33.51,33.46
2014-12-17,33.33,33.27
2014-12-18,33.09,33.09
2014-12-19,32.9,32.89
2014-12-20,32.71,32.81
2014-12-21,32.63,32.79
2014-12-22,32.61,32.64
2014-12-23,32.46,32.52
2014-12-24,32.28,32.44
2014-12-25,32.37,32.57
2014-12-26,32.34,32.48
2014-12-27,32.26,32.43
2014-12-29,32.2,32.3
2014-12-30,32.03,32.18
2014-12-31,31.92,32.06
